name,number,locality,postcode,incorporated,sic_codes
HEWITT BROS. (LURGAN) LTD.,NI024250,Lurgan,BT66 8BE,1990-03-15,
BELFAST TILE COMPANY LIMITED - THE,NI028411,Belfast,BT12 6RD,1994-04-25,
CLEAR PAY CONTRACTS LIMITED,11293156,Basildon,SS14 3JJ,2018-04-05,96090
CHARACTER INNS IOW LTD,11866727,Portsmouth,PO1 3EY,2019-03-07,56302
SAPPHIRE CONSULTING GROUP LTD,10427754,Bristol,BS10 6LG,2016-10-14,70229
HACKNEY EMPLOYMENT LINK PROJECT (HELP) LIMITED,02768807,London,E8 1HB,1992-11-27,9305
ESS INSTALLATIONS PLC,02775380,Leeds,LS1 4JP,1993-01-04,7499
SUNSHOT LIMITED,03133871,Stockport,SK8 1PY,1995-12-04,7487
THE TWICKENHAM PUB COMPANY LIMITED,09134108,Twickenham,TW1 3QS,2014-07-16,56302
FLOWER STATION LIMITED,04410944,London,NW11 7TJ,2002-04-08,47760
J.O GROUNDWORKS LIMITED,09595570,Leicester,LE19 3EF,2015-05-18,43999
INNOVATIVE FURNITURE LTD,NI652728,Belfast,BT12 6HU,2018-05-01,31090
NORTH LIVERPOOL CONSTRUCTION LIMITED,02004464,Bootle,L30 4XL,1986-03-26,43390
RPD BUILDING & CONSTRUCTION LTD,12126742,Manchester,M17 1AN,2019-07-29,41100
METROPOLITAN INSULATION (NORTH EAST) LIMITED,02326115,Sheffield,S1 2EJ,1988-12-07,"4521, 4532"
ERRIGAL PLANT & SALES LTD,NI624666,Dungannon,BT70 2HB,2014-05-19,"46630, 77320"
C&C INDUSTRIAL ROOFING LTD,10446352,Portsmouth,PO3 5EJ,2016-10-26,43910
ABERNEATH INDUSTRIES LIMITED,02312720,Cardiff,CF10 3PW,1988-11-03,2710
G P REALISATIONS LIMITED,01734646,,OL16 1DZ,1983-06-27,9305
CERTAIM LIMITED,01800510,Croydon,CR0 2NE,1984-03-16,2811
M A WHITE (CONSTRUCTION) LIMITED,01810198,Wortley,S30 7DR,1984-04-19,4521
ANMER LIMITED,01915150,Nottingham,NG1 6FQ,1985-05-20,7011
FIREDEAN LIMITED,01915156,Nottingham,NG1 6FQ,1985-05-20,7011
CRAYDAN PROPERTIES LIMITED,01967806,Nottingham,NG1 6FQ,1985-12-03,7011
GIFF PROPERTIES LIMITED,01987780,Nottingham,NG1 6FQ,1986-02-10,7011
PROPERTY INVESTMENT (WALES) LIMITED,01849936,Aberystwyth,SY23 3JQ,1984-09-21,4521
THORNLEY TRADING LIMITED,02179558,Manchester,M1 5AB,1987-10-16,5143
SX REALISATIONS LIMITED,00217571,West Yorkshire,LS1 2JN,1926-11-17,3650
FIT4BUSINESS LIMITED,03224965,Birmingham,B3 2DL,1996-07-15,6420
JUNA PRODUCTS LIMITED,02361106,Whitefield,M45 8NH,1989-03-14,2875
PLUS ONE SOFTWARE LIMITED,02642693,Northants,NN11 4HU,1991-09-03,7220
HALLMARK CONSERVATORIES & WINDOWS LIMITED,04374347,Somerset,BA20 1UN,2002-02-14,4542
ALEXANDER (COMMERCIAL PROPERTY) LIMITED,06763990,Sheffield,S2 3PY,2008-12-02,68209
ABSOLUTE PARTNERSHIP LIMITED,07616521,Newcastle,ST5 9QF,2011-04-27,82990
JIM ABBEY ELECTRONICS LIMITED,01497559,Reading,RG1 1NB,1980-05-20,7220
COMPASS MARINE SERVICES LIMITED,03683977,Wirral,CH49 6PA,1998-12-15,99999
THE HUB MARKETING SERVICES LIMITED,03601920,Great Missenden,HP16 0AN,1998-07-22,46420
ENTERTAIN ME PRODUCTIONS LIMITED,07788140,London,SW6 1RP,2011-09-27,"59112, 59132, 59200"
PET INDUSTRY FEDERATION LIMITED,07252816,Olney,MK46 5LG,2010-05-13,94110
LGJAMES LTD,09680024,Corby,NN17 1AY,2015-07-10,68320
STRATA CLEANING LIMITED,SC480631,Edinburgh,EH3 6AT,2014-06-23,81222
WEBBER TRANSPORT LIMITED,04735069,Okehampton,EX20 1UG,2003-04-15,49410
DAIRY HOME TEAM LIMITED,06183122,Frome,BA11 2PT,2007-03-26,47990
CORLEY + WOOLLEY LIMITED,08276510,Romford,RM3 8EN,2012-11-01,"43290, 43999"
BEN ELWES  LIMITED,05209456,London,W1G 0PW,2004-08-18,82990
BEACON FACILITIES MANAGEMENT LIMITED,06551750,Burgess Hill,RH15 9LH,2008-04-01,80100
NATIONWIDE BRICKWORK LIMITED,09511767,Durham,DH7 8XL,2015-03-26,41202
LEWIS MANAGEMENT LIMITED,07448895,Chelmsford,CM1 3AG,2010-11-23,70229
ENVIRODEC SW LIMITED,08297455,Bristol,BS5 0HE,2012-11-19,43341
REDDINGTON JORDAN LIMITED,01763120,Aylesford Maidstone,ME20 7SP,1983-10-20,31090
SLIDEROBES GROUP LIMITED,NI017409,Belfast,BT12 6HU,1984-04-16,82990
CITISCAPE LIMITED,06322685,Watford,WD17 1HP,2007-07-24,41201
TRIANGLE FITNESS BRISTOL LTD,07177705,Bristol,BS37 4AP,2010-03-04,93130
TLC CARE HOMES (YORKSHIRE) LIMITED,06830111,London,N21 2AD,2009-02-25,87900
DYY LIMITED,08774081,London,E2 6AH,2013-11-13,49410
PRIMUS BUILD LIMITED,06060123,Hertfordshire,AL5 4EE,2007-01-22,"41100, 41201, 41202, 70100"
NEWTOWNSTEWART CONSTRUCTION LIMITED,NI017005,Londonderry,BT48 7EE,1983-10-25,41201
ARISKA LIMITED,09281302,Bracknell,RG12 9PA,2014-10-27,53201
AI HOMECARE GROUP LTD,NI664417,Saintfield,BT24 7DX,2019-09-16,84120
TRIBAND CARE SERVICES LIMITED,10731792,Stone,ST15 0TL,2017-04-20,78200
LAST MILE LOGISTIC SOLUTIONS LIMITED,11764441,Stockton,TS23 1PZ,2019-01-14,"49410, 52103"
WELTON MOTOR ENGINEERS LIMITED,06405598,Lincoln,LN5 8RG,2007-10-22,45200
RAMM CONTRACT FURNISHING (EUROPE) LIMITED,02151416,Cardiff,CF14 8LH,1987-07-29,
KW DESIGNED SOLUTIONS LTD,05252152,Chorley,PR6 7DE,2004-10-06,28990
M W ACCESS SCAFFOLDING LTD,10373996,Plymouth,PL1 2PP,2016-09-14,43991
STEPHEN BETTS AND SONS LIMITED,01390064,Birmingham,B18 6DE,1978-09-20,38320
EDWARD GILDER & CO LIMITED,04153285,Cheltenham,GL54 2EY,2001-02-02,49410
BLUEFRUIT SOFTWARE LIMITED,05249561,Redruth,TR15 3RQ,2004-10-04,62012
MCATEER & COMPANY LIMITED,NI638684,Belfast,BT5 5LN,2016-05-25,69102
TRITURN LIMITED,07691759,Leeds,LS1 2HL,2011-07-04,74990
FLAMELILY INDEPENDENT LIVING LTD,10601301,Andover,SP11 6WL,2017-02-06,"86900, 87900, 88100"
A.G.S CASTINGS LTD,09810710,London,E1 8EW,2015-10-05,82990
ANN MASON CARE LTD,09140513,Bury St Edmunds,IP32 7FA,2014-07-21,87900
CNC RECYCLING LIMITED,11183154,Middlesbrough,TS2 1PP,2018-02-01,46770
BAILEY & FRENCH LTD,08960092,Brighton,BN1 4AW,2014-03-26,78109
K C WARNE SERVICES LTD,08131083,Camborne,TR14 8DF,2012-07-05,81299
GENWISE LIMITED,01837445,Carlisle,CA5 7BX,1984-08-01,85310
RESTCARE LIMITED,13020859,Harlow,CM20 1YS,2020-11-15,"78200, 87300"
ANGELS CARE HOME LTD,14082779,Watford,WD19 5EF,2022-05-03,86900
ABL CARE LTD,09228505,Kenley,CR8 5LY,2014-09-22,88100
CARING FOCUS LIMITED,13289678,Newcastle,ST5 1ED,2021-03-24,86900
GUTU MIRROR LIMITED,09287182,Derby,DE21 2JJ,2014-10-29,86900
BLUEONE FACILITIES MANAGEMENT LTD,10744512,Sheffield,S13 9LU,2017-04-27,"81100, 81210"
MUTE INTERNATIONAL LIMITED,09905462,London,SE1 7LH,2015-12-07,"77110, 77390"
FRANCO MANCA 2 UK LIMITED,07045067,London,W1F 8SJ,2009-10-15,56101
INFINITY CARE SERVICES LIMITED,09830405,Southall,UB2 5EQ,2015-10-19,78200
STOPFORD LIMITED,01630328,Knutsford,WA16 6LE,1982-04-20,74909
OVERTON GARAGE LIMITED,SC089322,Dyce Aberdeen,AB21 0EQ,1984-08-17,"45112, 45320"
KENSINGTON MINT LIMITED,13676348,Bournemouth,BH1 3NE,2021-10-13,47910
THIS IS MILK LIMITED,SC446550,Glasgow,G2 1BP,2013-04-02,82110
HAT AND HOME LIMITED,12909441,Wokingham,RG40 1XP,2020-09-28,68310
WESTLAKE CARERS LTD,13017398,Egham,TW20 8HE,2020-11-13,88100
NORTH OF ENGLAND ESTATES LIMITED,00287831,Darlington,DL1 3LU,1934-05-07,"55100, 68209"
BAD EMPIRE LIMITED,10959304,Borehamwood,WD6 4RT,2017-09-12,56101
PARTIAL ECLIPSE LIMITED,04019832,London,EC2V 7BG,2000-06-22,82990
PARITAS RECRUITMENT LIMITED,07514631,London,E2 9HE,2011-02-02,78109
ADVANCED CARE YORKSHIRE LIMITED,07836127,Hull,HU4 7DW,2011-11-04,86900
MARIAMA CARE LTD,07801802,Enfield,EN3 7EH,2011-10-07,86101
TAYLIST MEDIA LIMITED,06743545,Watford,WD25 7GS,2008-11-07,58142
FABULOUS BEYOND PRODUCTIONS LTD,12133036,London,SW16 2AD,2019-08-01,"90010, 90020, 93290"
OPTIMA LOGISTICS LIMITED,07116811,Middlewich,CW10 0TE,2010-01-05,"49410, 52103"
ED LOCK LIMITED,06270056,Loughborough,LE11 2EH,2007-06-05,96090
COLLECTIVE EVENTS LTD,12809642,York,YO23 2BD,2020-08-13,93290
OCG LEGAL LTD,07192177,Scunthorpe,DN15 9YG,2010-03-17,"69102, 69109"
COLE IRONCRAFT LIMITED,00723575,Canterbury,CT2 7JJ,1962-05-09,25990
SARAC HOTELS LIMITED,04864787,West Bromwich,B70 6AS,2003-08-13,55100
WOWBOXME LIMITED,10217721,Leighton Buzzard,LU7 3RE,2016-06-07,47910
BLUEWOOD CARE LIMITED,10478124,Coventry,CV6 5SF,2016-11-15,"55900, 78200, 86900, 87900"
COMPLETE PROTECTION SERVICES LIMITED,09705379,Crayford,DA1 4BF,2015-07-28,"46342, 61900, 77390, 80100"
FAT BEEHIVE LIMITED,03608544,London,SE1 6FP,1998-08-03,"62020, 62090, 63110"
SPRINGS OF JOY CARE SOLUTION (SOJ) C.I.C.,08819749,Nottingham,NG7 7ER,2013-12-18,"86101, 87900, 88100"
WHITE ROSE GARAGES ONE LIMITED,12188107,Sheet,GU32 2BY,2019-09-04,45200
WIND PROSPECT LIMITED,03011376,Hassocks,BN6 8UD,1995-01-18,35110
MAC TRANSPORT (UK) LIMITED,04485484,Blandford Forum,DT11 0NE,2002-07-14,"45112, 45200, 45320"
BROOKE HOMES DEVELOPMENTS LIMITED,05399298,London,W1K 2NG,2005-03-19,41100
HUNGRY BEAR GAMING LIMITED,11976489,Cardiff,CF23 8RS,2019-05-02,58210
ROCK & CO. GRANITE LIMITED,06584527,Hertford,SG14 1BP,2008-05-06,32990
LIVING HORIZON LTD,08074243,Aylesbury,HP20 1JX,2012-05-18,88100
PEN SHOP TRADING LIMITED,11882469,Birstall,WF17 9TD,2019-03-14,47789
CLUGSTON DISTRIBUTION SERVICES LIMITED,05517733,Scunthorpe,DN16 1BB,2005-07-25,49410
KUCKOO BRANDS LTD,07223772,Preston,PR1 2AB,2010-04-14,56302
SALIRE LIMITED,10725331,Norwich,NR6 6HR,2017-04-13,46380
AIRNOW LIMITED,10706264,London,EC2V 7NG,2017-04-03,64209
PLATINUM SERVICES FOR CHILDREN (RESIDENTIAL CARE) LIMITED,03652031,Coventry,CV1 2NT,1998-10-19,87900
OT GROUP LIMITED,05607779,London,EC2M 7EB,2005-10-31,62090
ON TRACK CARE SERVICES LTD,11449353,Grays,RM17 6LU,2018-07-05,88990
RINDT VEHICLE DESIGN LTD,10552904,Maidenhead,SL6 3SB,2017-01-09,29100
VIVA 2023 LTD,05401243,London,SE11 5EL,2005-03-22,58142
NATION FACILITIES & SECURITY MANAGEMENT LTD,11794652,Liverpool,L3 5NW,2019-01-29,81100
THE THIRD FLOOR LONDON LIMITED,07670649,London,W1W 7TL,2011-06-15,59111
D A MILLER & SONS (TRANSPORT) LIMITED,NI604475,Londonderry,BT47 4HP,2010-09-17,49410
TECH4U CONSULTING LIMITED,11297434,London,E16 1BD,2018-04-07,71200
DCD ALL BUILD LIMITED,11855926,Feltham,TW13 4EA,2019-03-01,41202
PURE RUNNING LIMITED,NI054055,Belfast,BT1 6GF,2005-02-26,"47710, 47721"
SIGNATURE BREW LTD,07823971,London,E17 5QJ,2011-10-26,"11050, 46342"
GIGALOCH LIMITED,SC662274,Glenrothes,KY6 2AH,2020-05-27,61100
THE ONE AND ONLY PUB COMPANY LIMITED,03938353,Taunton,TA3 6LT,2000-03-02,"56101, 56302"
EXPERT EMPLOYMENT LIMITED,06859967,Maidenhead,SL6 3AR,2009-03-26,74909
GANE STRUCTURES LIMITED,13768118,Newport,NP19 9GT,2021-11-26,43999
OLIVE HOME CARE & SUPPORT LIMITED,09416522,Crawley,RH11 7XL,2015-02-02,"78200, 88100"
X INDUSTRIES LIMITED,06716482,Blisworth,NN7 3DB,2008-10-06,"59112, 59120"
PFS NETWORK LIMITED,05542154,Dorchester,DT2 7PJ,2005-08-22,"43210, 82990"
MY SPACE HOUSING SOLUTIONS,08257055,Bolton,BL6 6HG,2012-10-17,55900
OAKFIELD FINANCIAL LTD,12697835,London,EC1V 2NX,2020-06-25,70221
BEN WHISTLER LIMITED,03821243,London,SW10 0RJ,1999-08-06,31090
PARK FIRST FREEHOLDS LIMITED,11033422,London,EC2V 7BG,2017-10-26,"52219, 68209"
MAXWELL SCOTT BAGS LIMITED,08417609,York,YO19 5SN,2013-02-25,47910
SPRINGVILLA CARE LIMITED,10884361,London,NW9 6TD,2017-07-26,"88100, 88990"
AT HOME SUPPORT SERVICES LIMITED,09835832,Harlow,CM20 2NQ,2015-10-21,"78109, 78200, 88100, 88990"
BLU DOT TECHNOLOGIES LIMITED,NI647180,Cookstown,BT80 9UR,2017-07-31,62090
NATIONWIDE MANAGEMENT SERVICES LTD,09418463,London,W1J 7JY,2015-02-03,81100
CARLYLE KINGSWOOD GLOBAL LTD,09151840,Kingston Upon Thames,KT1 4AS,2014-07-29,78109
ASCERIS LIMITED,12713131,Wetherby,LS23 6AD,2020-07-02,80200
TLB 24/7 HEALTHCARE LTD,09565418,Leeds,LS11 7HL,2015-04-28,88100
HARLEM CAFE LTD,NI636822,Belfast,BT7 1NR,2016-03-02,56101
LINCOLNSHIRE GAME LTD,09520803,Boston,PE20 3NQ,2015-04-01,10120
TIM WELLS NURSERIES LIMITED,06535880,London,WC1N 3GS,2008-03-17,"01300, 81300"
ARIELLE'S CARE LTD,13057943,Altrincham,WA15 8DB,2020-12-02,"87100, 87200, 87300"
GREAT RESOURCING SOLUTIONS LTD,14174467,Leicester,LE1 6AS,2022-06-15,"78109, 78200"
LJ'S BOUTIQUE LTD,13210895,Doncaster,DN10 4LF,2021-02-18,"47910, 47990"
ASORTI UK LIMITED,06938600,London,E16 1PF,2009-06-19,96020
RLE INTERNATIONAL PRODUCT DEVELOPMENT LTD,03530918,Warwick,CV35 0AE,1998-03-19,71129
TURTLE BAY HOSPITALITY LIMITED,07127647,Bristol,BS1 4DA,2010-01-16,56101
IN THE SCENES LTD,13298784,Hampton,KT1 4EQ,2021-03-29,"90010, 90020"
G&CATA LTD,15140815,London,N1 7GU,2023-09-15,"41201, 78200"
OAKWORTH HOMES LIMITED,05794976,Sheffield,S13 9LU,2006-04-25,"32990, 41202"
ITALK AFFILIATE TELECOMMUNICATIONS LTD,06403147,Crawley,RH11 7XL,2007-10-18,82990
LIVING OUTSIDE LTD,09267125,Poole,BH12 1JY,2014-10-16,47789
RIVER TABLES ROCK LIMITED,14273026,Stockport,SK4 4JY,2022-08-03,"23690, 31090, 43320, 47599"
PAYTHRU LIMITED,04419047,London,EC3V 0BT,2002-04-17,"63110, 64191"
BELUGA GROUP LTD,10480247,Stockport,SK4 3QR,2016-11-15,41202
ALAN STEPHENS ASSOCIATES LIMITED,02225150,Birmingham,B3 2DL,1988-02-29,7440
ARKWRIGHT BUILDING LIMITED,02260827,,NG3 4GH,1988-05-20,4521
FUTURE TELECOM LIMITED,02643072,Birmingham,B3 2DL,1991-09-04,3220
PROTO-CAL LABORATORIES LIMITED,NI024726,Carrickfergus,BT38 7HY,1990-08-10,
LYNCO (NI) LTD,NI036579,Ballyquin Road,BT47 4LX,1999-07-15,43999
BELFAST GIANTS LTD,NI038627,Belfast,BT7 2JA,2000-05-19,
STANDARD LAUNDRY (N.I) LIMITED,NI007091,,BT12 6LU,1967-10-27,
SKY BLUES UK LIMITED,04160085,Birmingham,B3 2DL,2001-02-14,6420
WATERCOLOUR LIMITED,02824763,,NW4 3NL,1993-06-07,2222
KEE PRODUCTS LIMITED,03012209,Whittall Street,B4 6DD,1995-01-20,2466
CROFTWARD LIMITED,01791062,,W2 1EP,1984-02-13,
ECOFAX LIMITED,01915165,Nottingham,NG1 6FQ,1985-05-20,7011
COPTOAK LIMITED,01915157,Nottingham,NG1 6FQ,1985-05-20,7011
BILCON LIMITED,01915061,Nottingham,NG1 6FQ,1985-05-20,7011
ASHMERE DEVELOPMENTS LIMITED,01999777,London,WC1A 2QA,1986-03-14,
DELTAMERE LIMITED,02030331,,W2 1EP,1986-06-23,
ELMSGATE DEVELOPMENTS LIMITED,02023106,Bristol,BS5 0JY,1986-05-27,4521
WALSALL SNOOKER CENTRE LIMITED,02176479,,W1M 9DA,1987-10-12,
THE BIRTHDAY SHOP LIMITED,02199940,London,W1X 9DF,1987-11-30,
P. L. WILLIAMSON LIMITED,01238174,Leeds,LS1 5JW,1975-12-19,2875
J. LAVIN LIMITED,01257483,Nr Worksop,S81 9QR,1976-05-07,6024
PLANT AND DUCTWORK COMPANY LIMITED,01471299,Basingstoke,RG24 0PD,1980-01-04,2875
WHEELERS OF UCKFIELD LIMITED,02498028,East Sussex,TN22 1PX,1990-05-02,5211
CONSILIUM SECURITY SYSTEMS PLC.,02515593,Loughton,IG10 3NZ,1990-06-25,7460
TOTAL INTERIOR SOLUTIONS LIMITED,02518404,Farnham,GU9 8HT,1990-07-04,9231
ANTHONY SALES LIMITED,02849966,35 Whitworth Street West,M1 5NG,1993-09-02,
BENCHMARK PODS LIMITED,08457215,Hull,HU5 1AP,2013-03-22,23420
CIVIL LOGISTICS LIMITED,03684131,31 Wellington Street,LS1 4DL,1998-12-16,7487
CAL 2020 LIMITED,07921799,Letchworth Garden City,SG6 1JG,2012-01-24,70100
00218892 LIMITED,00218892,Hampshire,SO1 2EW,1927-01-12,
PREFAB ENGINEERING LTD,NI614190,Dungannon,BT70 3LU,2012-08-28,28922
CLEVELAND PAPERS LIMITED,02031142,Stockton On Tees,TS15 9AE,1986-06-25,2124
A5 AUTOBODY LIMITED,10698608,Dunstable,LU6 3QL,2017-03-30,45320
3EN CLOUD LTD,NI609603,Holywood,BT18 9DP,2011-10-21,74909
AVATAR RECRUITMENT CONSULTANCY LIMITED,07199606,Bracknell,RG12 0XQ,2010-03-23,78109
CUSTOM PHARMACEUTICALS LIMITED,01431692,Hove,BN3 3LW,1979-06-20,21200
SHWE TAN LIMITED,07283736,Harlow,CM17 0DW,2010-06-14,96020
KELTEK SERVICES LIMITED,07817552,Banstead,SM7 2DH,2011-10-20,43999
EMEX TECHNOLOGIES LIMITED,09261233,Witney,OX28 6AG,2014-10-13,82990
SIMON HARRISON LIMITED,03867147,London,SE1 9DE,1999-10-27,32130
PROPERTY TV BROADCASTING LTD,08314162,London,WC2H 9JQ,2012-11-30,60200
PRIMUS CONSTRUCTION LIMITED,07485648,Harpenden,AL5 4EE,2011-01-07,41201
C ROBINSON TRANSPORT LTD,NI645979,Dungannon,BT71 4QX,2017-05-23,49410
BROOKLYN LAW LIMITED,10004052,Croydon,CR0 4NH,2016-02-15,69102
FRASERS FB (HOUSE) LIMITED,00955087,London,SW7 4DL,1969-05-28,68100
HARLEY SCOTT RESIDENTIAL LIMITED,05760390,Padiham,BB12 7NG,2006-03-29,"68100, 68209"
HENDON UNIVERSAL PROPERTY COMPANY LIMITED,09860937,Cannock,WS11 1AP,2015-11-06,68209
CENTUM BOOKS LIMITED,07641486,Newton Abbot,TQ12 2HR,2011-05-20,58110
HEALTHCARE NORTH EAST LIMITED,03073303,Chelmsford,CM1 3WT,1995-06-28,46900
WORKPLACE FIRE & SAFETY TRAINING LTD,08660475,Retford,DN22 9NA,2013-08-22,84250
FORM PLANTS LIMITED,11630745,Addlestone,KT15 1HH,2018-10-18,96090
PANDA DEVELOPMENTS LIMITED,01840194,Bolton Lancashire,BL1 4BY,1984-08-13,68100
ROGER FREEMAN & SONS LIMITED,07467866,Atherstone,CV9 2LR,2010-12-13,49410
JAA RECEIVABLES LIMITED,NI652376,Belfast,BT12 6HR,2018-04-13,51102
NOSTRADA UK LIMITED,10832122,Gravesend,DA11 0BH,2017-06-22,49410
A. NELSON (BLACKPOOL) LIMITED,05009814,Blackpool,FY3 7BJ,2004-01-08,43220
OLIVER CHARLES LTD,10442845,Redhill,RH1 2NL,2016-10-24,31090
SENSATIONS LEARNING SUPPORT C.I.C.,NI630318,Belfast,BT6 9HL,2015-03-27,85600
NAID CARE LIMITED,07545009,Southend-On-Sea,SS1 1EF,2011-02-28,"86102, 86900"
PARK FIRST LIMITED,07158270,Padiham,BB12 7NG,2010-02-16,68100
PARK FIRST SKYPORT LIMITED,09560196,Burnley,BB12 7NG,2015-04-24,68100
HELP-ME-PARK.COM LIMITED,05563009,Burnley,BB12 7NG,2005-09-14,99999
LWS INTERIOR SOLUTIONS LTD,04015318,Kingston Upon Thames,KT1 4EQ,2000-06-15,"46730, 47520"
TRUST CARE AGENCY LIMITED,08962433,Norwich,NR1 1RB,2014-03-27,87100
I & S CHILDCARE LTD,10648045,London,E1 1EQ,2017-03-02,85100
TABOO DONUTS LTD,NI651679,Craigavon,BT66 6NA,2018-03-14,10710
EDWARD WARE HOMES LIMITED,04592061,Bristol,BS8 2AX,2002-11-15,"41202, 68100"
DOUCE FRANCE LIMITED,06891368,London,EC1V 2NX,2009-04-29,"56103, 56290"
TOOL RAPTORS LTD,09662094,Caerphilly,CF83 1BE,2015-06-29,25730
CRL MANAGEMENT LIMITED,07563546,Poole,BH16 6FA,2011-03-14,65202
D MCNEILLY LTD,NI601152,Belfast,BT6 8PY,2009-10-30,96090
A. GREEN ENGINEERING (LINCOLN) LIMITED,01620123,Lincoln,LN6 3QT,1982-03-04,25990
MANSBRIDGE BALMENT LIMITED,03935647,Tavistock,PL19 0BW,2000-02-28,68310
SAPIENTIA DEVELOPMENTS LTD,13080811,London,N4 1BX,2020-12-14,43999
MORWARD LIMITED,09545472,St Albans,AL1 1BX,2015-04-16,96020
ALLISON ELECTRICAL CONTRACTS LTD,NI606889,Carrickmore,BT79 9AY,2011-03-31,43210
BELFAST PUB CO. LTD,NI665458,Belfast,BT9 7ET,2019-10-30,56302
ABLE DATA SERVICES LTD,04172889,Kent,DA1 3EN,2001-03-05,69201
DIRNAN LIMITED,NI602642,Cookstown,BT80 9XW,2010-03-25,01410
HALLAM24 HEALTHCARE LTD,08754254,Sheffield,S35 2XH,2013-10-30,87900
TILT PROFESSIONAL MAKEUP LTD,08517760,London,W10 6TT,2013-05-07,47750
UK HAIRDRESSERS 2019 LIMITED,12345843,Willenhall,WV13 3AP,2019-12-03,96020
4PE SYSTEMS LTD,06811457,Shrewsbury,SY3 0EW,2009-02-05,46140
SPL SALONS LIMITED,NI631479,Belfast,BT4 3EU,2015-05-22,74990
DEVON HOUSE DEVELOPMENTS LIMITED,02235538,Warrington,WA1 1EG,1988-03-24,41100
RIVAL CONSTRUCTION (LONDON) LTD,09010852,Colchester,CO4 5WR,2014-04-25,41202
PETCOR LIMITED,06675089,Wrexham,LL11 3RJ,2008-08-18,10920
BRANTONES 2017 LTD,10579778,Pudsey,LS28 6RW,2017-01-24,41100
CENTURYPLUS LIMITED,09998565,Radcliffe,M26 3WQ,2016-02-10,87200
BLUEBELL BAKERY LTD,NI632990,Belfast,BT15 5EX,2015-08-13,47240
PARK FIRST GLASGOW RENTALS LIMITED,10994132,London,EC2V 7BG,2017-10-03,"52219, 68209"
PARK FIRST GATWICK RENTALS LIMITED,10994206,London,EC2V 7BG,2017-10-03,"52219, 68209"
TKL EARTHWORKS & SOIL STABILISATION LIMITED,10922012,Doncaster,DN1 2HD,2017-08-18,43120
INTELLIGENT MIST LIMITED,08496316,Colchester,CO3 9SX,2013-04-19,43999
IPE VENTURES LIMITED,10571215,Barnet,EN5 5TZ,2017-01-18,64303
BESTATDIGITAL LTD,12618422,Worthing,BN11 1RL,2020-05-22,"59112, 62012, 62090, 63120"
GROW GROUP UK LIMITED,06009025,Nottingham,NG9 1BG,2006-11-24,"21100, 21200"
CHURCHILL RECOVERY SOLUTIONS LTD.,04785274,Blackburn,BB1 6AY,2003-06-03,82990
VINEYARD HOMES LTD,10771883,London,N1 7GU,2017-05-15,88100
RDA U.K. LIMITED,11836944,Chelmsford,CM2 7PN,2019-02-20,69203
A1 DEMOLITION LIMITED,07168370,Birmingham,B46 3BP,2010-02-24,43110
HGVTRUCK-TECH LTD,14862568,South Shields,NE34 9PZ,2023-05-11,45200
CHATHA WELLING LIMITED,07802720,Welling,DA16 3PG,2011-10-10,56290
POLAR RECRUITMENT SERVICES LIMITED,06719836,Winchester,SO23 9EH,2008-10-09,78200
ARYAN TRANSPORTATION & LOGISTICS LIMITED,11920047,London,EC1V 2NX,2019-04-02,49410
BTD RESTAURANTS LTD,NI624486,Belfast,BT3 9LE,2014-05-08,56101
MERIT CARE LIMITED,09293300,Cheltenham,GL51 8HF,2014-11-03,"87300, 88100"
GLASLYN RETIREMENT HOMES LIMITED,02113534,Gilwern,NP7 0EH,1987-03-20,87100
BETTER FAMILIES SOCIAL WORK SERVICES LTD,13505395,Gravesend,DA11 0NH,2021-07-12,"87900, 88100"
IN ONE BASKET LIMITED,08864066,London,N4 2AZ,2014-01-28,"56101, 56103"
DARTFORD TRANSMISSIONS & AUTOCARE LIMITED,10967687,Dartford,DA1 1UW,2017-09-18,45200
OMATILE LLP,NC000812,Omagh,BT79 7NZ,2011-09-16,
I TECH MART LTD,13669427,London,WC2H 0JB,2021-10-08,47421
CURAM DOMI SOLUTIONS LTD,10252549,London,EC2A 4ND,2016-06-27,87900
HERTS ELECTRICAL CONTRACTORS LIMITED,05335329,Hertford,SG13 7BJ,2005-01-18,43210
SOUTH WEST LIFTS LIMITED,07698586,Newton Abbot,TQ12 5ND,2011-07-08,33190
DEXTER HENRY & CO LIMITED,10597831,London,SW16 2BF,2017-02-02,69102
QOCEPT LTD,10346304,Middlesbrough,TS2 1RH,2016-08-25,74901
FAWCETT'S OF BURSTWICK LIMITED,07976630,Hull,HU12 9EF,2012-03-05,31090
ESKANDAR LIMITED,02937706,London,EC2Y 5AU,1994-06-10,46420
GULF CONFERENCES LTD,08460531,London,W13 0NR,2013-03-25,85590
PL APARTMENTS LTD,12523410,London,NW11 0PU,2020-03-18,55100
MINERAL PROCESSING LTD,07896010,Doncaster,DN1 2DY,2012-01-03,"08990, 39000"
JEP YOUTH ENGAGEMENT LTD,12868385,Bolton,BL2 1BX,2020-09-09,85600
VERATY CARE SOLUTIONS LTD,09298306,Shrewsbury,SY5 8AN,2014-11-06,86900
THE FACTORY FITNESS & DANCE CENTRE LIMITED,03618478,,N19 4DX,1998-08-19,93130
YELO LIMITED,NI016345,Carrickfergus,BT38 8YF,1983-01-05,"26511, 26512"
BEIT EL ZAYTOUN LIMITED,07472313,London,NW10 7AE,2010-12-16,"56102, 93290"
HOMESLICE LIMITED,08290780,Leigh-On-Sea,SS9 3NA,2012-11-12,56101
PROJEKT INDIGO STUDIO LIMITED,13971758,Watford,WD25 8HR,2022-03-11,46420
THE PANIC ROOM ESCAPE LIMITED,10319211,Gravesend,DA11 0TB,2016-08-09,93290
CARE4U WE LTD,10542793,Reading,RG2 6UB,2016-12-30,"87200, 87900"
CLEAR AV LTD,NI070304,Co Antrim,BT28 2GN,2008-08-27,74909
PREMIER PRINT GROUP LIMITED,03802642,London,E3 3YD,1999-07-08,18129
W.L.WEST & SONS LIMITED,00577291,West Sussex,GU28 0PJ,1957-01-21,"16100, 16230, 16290, 46730"
DPA COMMUNICATIONS LTD,10909499,Manchester,M32 0FP,2017-08-10,61900
CRAFTY DEVIL BREWING LTD,09240048,Cardiff,CF11 6HE,2014-09-29,46342
BOO BOO'S DAY NURSERY LIMITED,08858986,York,YO30 5PA,2014-01-23,88910
EVOL EMPIRE LIMITED,11931420,Eastbourne,BN21 4SF,2019-04-08,64209
BRUNEL ROAD TIMBER LIMITED,05312075,Brunel Road,TQ12 4PB,2004-12-13,46730
GRAVITY FITNESS LIMITED,08880970,Castleford,WF10 4TA,2014-02-07,93130
COMFY LIVING LIMITED,07271653,Bridgwater,TA6 6AJ,2010-06-02,47910
FFC IRELAND 1 LTD,NI679645,Belfast,BT14 7BT,2021-05-28,56103
SRAM & MRAM CITRUS CAPITAL LIMITED,08256641,London,E14 9NN,2012-10-17,"64209, 68100, 68209"
COPA COPA LIMITED,05349441,Sheffield,S13 9LQ,2005-02-01,"78109, 78200"
PROTEA CARE HOMES (KENT) LTD,08661207,Watford,WD17 1NA,2013-08-22,87200
FUTURE ENERGY SOLUTIONS LTD,08209324,Wallsend,NE28 7AT,2012-09-11,82990
LA POLLERA COLORA LIMITED,08133136,Enfield,EN2 0PW,2012-07-06,56301
ON TIME CARE LTD,10295011,Basingstoke,RG24 8AG,2016-07-25,86210
FUTURE SIX LIMITED,06602714,Evesham,WR11 7QP,2008-05-27,"43220, 43310, 43341, 62020"
YOON GLOBAL LTD,07912194,Wimbledon,SW19 3TZ,2012-01-17,10890
CANTERBURY CARE AND SUPPORT LIMITED,13364047,Croydon,CR0 3HA,2021-04-28,87200
SAN LORENZO RESTAURANT WARRINGTON LIMITED,10820210,Warrington,WA1 1BL,2017-06-15,56101
2F2 LTD.,07824636,Horsham,RH12 1EH,2011-10-26,74909
S.J. CARE HOMES (WALLASEY) LIMITED,05708420,Harrow,HA1 2AW,2006-02-14,87100
DEFINITELY MAYBE BAR LIMITED,12390247,Bourne End,SL8 5AS,2020-01-07,56302
BLOSSOM LIVING LIMITED,11571587,Colchester,CO1 2JS,2018-09-17,87900
H.P.M. LIMITED,02349003,Nottinghamshire,NG10 5DL,1989-02-16,22290
SIMPLYHELPINGSENIORS LIMITED,12006751,Northwich,CW9 5HQ,2019-05-20,87300
IMPERIAL BREEZE HEALTHCARE SOUTH EAST LIMITED,13460422,Slough,SL2 5EP,2021-06-16,86900
DAVID BAARDA LIMITED,07908951,Beverley,HU17 0LF,2012-01-13,"49410, 70229"
MARPAUL SOUTHERN LIMITED,01446829,Woodford Green,IG8 8HD,1979-09-05,"42990, 43220"
TRAIN EFFECTIVE LTD,11938803,London,W1T 6EB,2019-04-10,"62090, 93199"
IN-EX LANDSCAPES LIMITED,06572799,London,NW11 8NA,2008-04-22,47789
OUTERNET VENUE LIMITED,13381794,London,SW7 4AG,2021-05-07,93290
COMPLETE TELECOM SOLUTIONS LIMITED,08569347,Bristol,BS31 1SX,2013-06-14,61900
ALBANY CARE (NORTHAMPTON) LIMITED,10278218,Fareham,PO16 0EN,2016-07-14,87900
ANA HOMECARE LIMITED,05887645,London,N7 9DP,2006-07-26,86900
ALBANY FARM CARE (OXFORD) LIMITED,10266573,Fareham,PO16 0EN,2016-07-07,96090
SEFARDI LTD,09752739,London,SE1 0LR,2015-08-27,56101
OPTIMA MANUFACTURING JEWELLERS LTD,00903768,Barnet,EN5 5SZ,1967-04-17,32120
BRAND MONKEY SERVICES LTD,11926898,Swindon,SN1 4BG,2019-04-04,70229
ALBANY FARM CARE (HAMPSHIRE) LIMITED,08778441,Fareham,PO17 5BD,2013-11-18,87900
ALPHA DESIGNS UPHOLSTERY LIMITED,06770930,Bilston,WV14 7HZ,2008-12-11,31090
ELEMENTO GROUP LIMITED,09950745,Orpington,BR6 0JE,2016-01-14,41100
CORK CRANE HIRE LTD,07932891,Widnes,WA8 0RP,2012-02-02,77320
URBAN RETROFIT PROJECTS LTD,09327945,Sheffield,S20 3FJ,2014-11-26,43290
THE MARKET DESIGN AND BUILD LIMITED,08459336,Hayes,UB3 5DU,2013-03-25,"41202, 43390"
ANDREW PHILLIPS LIMITED,08597586,Ilford,IG6 1HZ,2013-07-04,71111
MUDDLES GREEN LIMITED,12585286,Newhaven,BN9 9TD,2020-05-04,"20420, 70229"
CRAFT CLUBS BONDCO PLC,12245283,London,SE1 1LB,2019-10-04,47910
HEARTBEAT MANUFACTURING CO. (REDDITCH) LIMITED(THE),01282568,Worcestershire,B98 8JY,1976-10-20,"25990, 31010"
SOLID HEALTHCARE LTD,13931169,Nottingham,NG9 2NH,2022-02-22,"78109, 86900, 87200, 87900"
GREEDY GORDONS LIMITED,11509464,Kettering,NN14 3BH,2018-08-09,"56101, 56103, 56302"
CBM-LOGIX LTD,05285089,Corby,NN18 9EZ,2004-11-12,62020
REX IMMERSIVE LTD,14864407,London,N12 8QJ,2023-05-12,93290
TEMBO LTD,08902148,Bramhall,SK7 2BE,2014-02-19,82301
PHASE CONTRACTS LIMITED,NI654911,Dublin Road,BT2 7HG,2018-08-09,43210
CARE 4 YOU DIRECT LIMITED,12421895,Hitchin,SG4 0AP,2020-01-23,87300
JOHNSTON CONTRACTS LTD,NI610254,Lisburn,BT28 2ST,2011-12-06,41202
ENVIRONMENTAL CARBON OFFSET HOTELS LIMITED,SC272961,Inverness,IV63 6XT,2004-09-06,5510
BROOKBERRY LIMITED,01179511,Brackley,NN13 5DT,1974-08-02,
BERKSHIRE-GRANT LIMITED,01544845,Esher,KT10 9QA,1981-02-11,3162
ALLIEDFIELD LIMITED,01670528,Bideford,EX39 3PT,1982-10-08,"0112, 0122, 0141"
OAKCELLAR LIMITED,01693270,Whitehaven,CA28 7AH,1983-01-21,"5540, 9305"
ARKWRIGHT INVESTMENTS LIMITED,01891200,Nottingham,NG3 4GH,1985-03-01,7487
BIMARK LIMITED,01915065,Nottingham,NG1 6FQ,1985-05-20,7011
NIDOLAND LIMITED,01915097,Nottingham,NG1 6FQ,1985-05-20,7011
ARKWRIGHT PROPERTIES LIMITED,01571347,Nottingham,NG3 4GH,1981-06-30,7011
P.R. GREENOUGH CONSTRUCTION LIMITED,02026952,Bucks,SL8 5JJ,1986-06-11,4521
SUPERSHOPPER LIMITED,02620724,,EC1V 4LH,1991-06-17,
EAGLE INDUSTRIAL PAINTS LIMITED,00971425,Solihull,B94 5SG,1970-01-30,2430
CHILTERN HILLS MINERAL WATER LIMITED,00975699,Tring,HP23 5SD,1970-03-26,7499
HANOVIA SOLUTIONS LIMITED,05399075,Chelmsford,CM3 4NE,2005-03-19,82990
MILHENCH PROPERTY CONSULTING LIMITED,NI624583,Belfast,BT2 7BA,2014-05-14,70229
SAKO TECHNOLOGIES LIMITED,07713141,Aylesbury,HP19 9LL,2011-07-21,"61200, 62090"
PARKVIEW CARE (BROADSTAIRS) LIMITED,07246265,North Finchley,N12 8QJ,2010-05-07,87900
TERMINAL REHEARSALS LTD,09035953,London,E2 6GH,2014-05-12,"90020, 90040"
GIBSON YOUNG SOLICITORS LLP,OC345985,London,SW15 2TN,2009-05-28,
ALPHA CREDIT REPAIR LIMITED,03182663,London,W1U 7EU,1996-04-03,7487
D.A.PARKINSON ELECTRICAL LIMITED,02302287,"Lancashire,",WV8 8LQ,1988-10-05,
DAVID PEARSON PROJECTS LTD,02444147,Leeds,LS16 8LY,1989-11-17,4521
CHUCKLE-GIGGLES LTD,05698264,Rainham,RM13 8AB,2006-02-04,70229
CROSSWINDS PROPERTIES LIMITED,04419037,Lancashire,FY1 2HU,2002-04-17,
MAC PACKAGING LIMITED,NI020163,Orchard Way,BT41 2RU,1987-02-06,
PORTSIDE PUBS LIMITED,NI024473,,BT9 5FJ,1990-05-14,
"MCTAVISH, RAMSAY & COMPANY LIMITED",SC029378,Edinburgh,EH1 2EG,1953-04-04,2051
SMARTWATCH SOLUTIONS LIMITED,06799532,Cleckheaton,BD19 3TT,2009-01-23,62090
JSNI LTD,NI634151,Belfast,BT3 9LE,2015-10-09,43320
SAHASRAKSHI SERVICES LTD,08351965,Gillingham,ME7 2YS,2013-01-08,"47110, 47620"
JOHN WATSON SMS LIMITED,NI613703,Dromore,BT25 2QD,2012-07-24,42220
DYSON SIGNS & GRAPHICS LIMITED,07500847,Sheffield,S20 3FJ,2011-01-21,82990
CUSTOM HEALTHCARE LIMITED,04205333,Hove,BN3 3LW,2001-04-25,70100
HEADS OF THE VALLEYS DEVELOPMENT COMPANY LIMITED,07685475,Cambridge,CB3 9ND,2011-06-28,"43999, 81100"
BUCKS CONCRETE LIMITED,11923085,Waltham Abbey,EN9 1JH,2019-04-03,23610
WILTSHIRE AIR CONDITIONING SERVICES LTD,10766152,Chippenham,SN14 6BB,2017-05-11,35300
LONDON LUTON AIRPORT PARKING LIMITED,10186044,Padiham,BB12 7NG,2016-05-18,68100
GREEN OAK INVESTMENTS LIMITED,12451186,Witney,OX28 4YR,2020-02-10,82990
EFH GROUP LIMITED,04041571,High Wycombe,HP12 3RH,2000-07-27,"45112, 45190"
CAMELLIA SINENSIS LIMITED,06126207,London,SW19 2RR,2007-02-23,56290
379 SOCIAL LIMITED,NI639267,Belfast,BT9 7HN,2016-06-22,56102
INFINITY HERITAGE LTD,02943338,St. Albans,AL1 3LF,1994-06-28,"61900, 62020, 70229"
TRUCKSMITH LIMITED,04314801,Uffculme,EX15 3FH,2001-11-01,82990
RETAIL IT LIMITED,04247834,London,SW19 4EU,2001-07-06,"62012, 62020"
PECULIAR CARE HOMES LIMITED,08370036,Erith,DA18 4AL,2013-01-22,"86900, 87200, 87900, 88100"
M-TEK (ASSEMBLY) LTD,03247960,Reading,RG30 6BX,1996-09-10,27900
GOLFSPEED INTERNATIONAL LIMITED,04576124,London,W1F 7LD,2002-10-29,3640
RECLAMATION TOOL SERVICES LIMITED,00688385,Birmingham,B7 4LY,1961-03-29,2852
H & H (WIND DOWN) LIMITED,00739011,Reading,RG4 0BY,1962-10-26,
NS DISTRIBUTION LIMITED,00396951,London,E2 8BA,1945-07-12,
WARGRAVE AUTO CENTRE LIMITED,08776316,Oxted,RH8 9EU,2013-11-15,30990
WIND PROSPECT GROUP LIMITED,03254615,Hassocks,BN6 8UD,1996-09-25,35110
PARK FIRST MANAGEMENT LIMITED,08051785,Padiham,BB12 7NG,2012-05-01,68209
COPHALL PARKING GATWICK LTD,05648696,Burnley,BB12 7NG,2005-12-08,49390
TRANS ECO MINERALS AND MINING LTD,08191274,Windsor,SL4 1SE,2012-08-24,08990
MEZO LIMITED,07059886,Holborn,WC1X 8SP,2009-10-28,56102
PUMPERNICKEL TAVERNS LTD,12927258,Lancaster,LA1 1JG,2020-10-04,56302
K5K LIMITED,07692648,Slough,SL1 5BQ,2011-07-04,88100
NEW WORLD TRADING COMPANY (UK) LIMITED,07685158,Warrington,WA1 2NT,2011-06-28,56302
OASIS CONSTRUCTION LONDON LTD,08741182,London,N10 1PA,2013-10-21,"41201, 41202"
TCP (GB) GROUP LTD,07323616,Mansfield,NG19 7AE,2010-07-22,64209
ENVIRONMENT SYSTEMS LIMITED,04628049,Llandrindod Wells,LD1 5HG,2003-01-03,"74901, 74909, 82990"
AKS COURIER LTD,11128171,London,E1 5LP,2018-01-02,52290
REID'S SHOES LIMITED,NI002039,Belfast,BT4 2GE,1946-03-28,47721
FIREHOUSE COMMUNICATIONS LIMITED,11280602,Farnham,GU9 8BB,2018-03-28,70210
CLEVERLEY BUILDERS LIMITED,10044205,Bristol,BS13 7TA,2016-03-04,43999
MADELEINE'S KITCHEN LTD,10339927,Petersfield,GU32 3EW,2016-08-22,47290
OSA FINE SPIRITS LTD,04826839,Maisdtone Road St Marys Platt,TN15 8FD,2003-07-09,46342
NOAH ORIENTAL LIMITED,10843551,Southend On Sea,SS2 5ET,2017-06-30,47290
H C WRIGHT LIMITED,04470718,Market Rasen,LN7 6NT,2002-06-26,52243
SPECIALIST FACADE INSPECTIONS LTD,12280391,Newbridge,NP11 4FW,2019-10-24,"71200, 81100"
BAXTER INNS LIMITED,NI631966,Newtownabbey,BT37 0ST,2015-06-17,56302
C T HAULAGE LTD,10443343,Hexham,NE48 4AJ,2016-10-24,49410
KMI LOGISTICS LIMITED,10175415,Norwich,NR13 6NN,2016-05-11,49410
EMBER TRANSPORT LTD,09899849,Sheffield,S4 7QN,2015-12-03,49410
BUCKS GROUNDWORK DEVELOPMENTS LTD,08866281,Kings Langley,WD4 9JB,2014-01-29,41100
EMPATHY CARE24 LIMITED,09406333,Northampton,NN3 6WL,2015-01-26,86101
ECOCABS LIMITED,06140955,Hexham,NE46 3PU,2007-03-06,"45200, 49320"
PASHLEY HOLDINGS LIMITED,02974132,,CV37 9NL,1994-10-06,30920
MUNICH CRICKET CLUB LIMITED,10537432,London,SW6 2AF,2016-12-22,82990
BLANK RESTAURANTS LIMITED,NI676170,Belfast,BT7 3GR,2021-02-04,56101
HELP ME PARK GATWICK LIMITED,09654985,London,EC2V 7BG,2015-06-24,68100
PAYPARK LIMITED,09871483,London,EC2V 7BG,2015-11-13,68320
AUSOMECHOICE LTD,13479762,Romford,RM7 9QD,2021-06-28,"47190, 47990"
AIRPORT PARKING RENTALS (GATWICK) LIMITED,10415339,London,EC2V 7BG,2016-10-07,68320
TWYN LIMITED,10607342,London,EC1M 4JN,2017-02-08,"58190, 59111"
HOMESLICE CANNON STREET LIMITED,10430557,Leigh-On-Sea,SS9 3NA,2016-10-17,56101
VELOCITY PAINTBALL LTD,13497970,Farnborough,GU14 0AY,2021-07-07,93290
FOUR EYES INSIGHT LIMITED,08712662,Worcester,WR1 2HW,2013-10-01,70229
BUSHCRAFTED LIMITED,07736098,Wokingham,RG41 2QY,2011-08-10,"43290, 74100"
CHEMEX INTERNATIONAL LIMITED,05655220,Manchester,M3 3HF,2005-12-15,"46750, 46900"
ALMA CARE (UK) LIMITED,07840639,Croydon,CR0 4HA,2011-11-09,88100
PHIL HEATON ASSOCIATES LIMITED,09276956,Manchester,M3 2PJ,2014-10-23,82990
NK FIRE&SECURITY LTD,09649956,London,WC2H 9JQ,2015-06-22,80200
WING IT BELFAST LIMITED,NI681857,Belfast,BT9 7EY,2021-08-25,56103
JOHN JAQUES AND SON LIMITED,00399667,Edenbridge,TN8 6HF,1945-10-22,32409
IGNYTO LIMITED,10540804,London,WC1N 3AX,2016-12-28,"62020, 62090"
RBUILD LTD,11167903,London,E13 8EE,2018-01-24,"41100, 41201, 41202"
ROGER BURNETT RACING LIMITED,01893822,Grimsby,DN37 7LD,1985-03-08,70210
CHINOOK ENGINEERING LIMITED,06670935,Nottingham,NG7 2RU,2008-08-12,28990
LAW TRAINING CENTRE (KENT) LIMITED,09528027,London,W1W 5PF,2015-04-07,85421
MORGAN INNOVATION & TECHNOLOGY LTD,02174066,Petersfield,GU32 3QA,1987-10-06,"27900, 32500"
COTT'S CARE LIMITED,08682774,Cheltenham,GL50 3DA,2013-09-09,87300
SOUTH PENNINE COMMUNITY TRANSPORT CIC,09454154,Holmfirth,HD9 6BF,2015-02-23,49319
COS SUPPLIES LTD,10479919,Manchester,M25 0TL,2016-11-15,47910
INDEX CARE LIMITED,09321132,London,SE18 6FH,2014-11-20,87300
SANDY GRAB SERVICES LIMITED,13190710,Sandy,SG19 2JW,2021-02-09,38110
ATECA GROUP LTD,14098366,London,WC1N 3AX,2022-05-10,"62020, 70229, 71122, 78300"
AGAPE CARE SOLUTIONS LTD,07615494,Poole,BH14 0AS,2011-04-27,86900
SPHERE SPECIALIST HEALTHCARE LTD,13457978,Ashington,NE63 8UG,2021-06-15,86900
BRANCHWATER DEVELOPMENTS LIMITED,05154394,Barnsley,S75 4EJ,2004-06-15,68209
GAS PRODUCTION HIRE LIMITED,07701301,Brighton,BN1 3XE,2011-07-12,96090
GURU MAKEUP EMPORIUM LIMITED,06619825,London,W3 6AY,2008-06-13,47750
PRINCIPLES RECRUITMENT CARE AGENCY LIMITED,11090821,Cheltenham,GL51 9EJ,2017-11-30,87900
NEWHOLME ENERGY LIMITED,12477721,Ilkley,LS29 9EG,2020-02-24,43999
SL2 (SQUARED) LIMITED,12612139,Rotherham,S65 1BL,2020-05-19,43999
WRM CONSTRUCTION LTD,13290753,Sheffield,S11 9PS,2021-03-25,43999
FEINTERNATIONAL LTD,07526350,London,E14 5AB,2011-02-11,62020
FEEDALL PET FOODS LIMITED,NI040998,Ballymena,BT44 8JN,2001-06-14,46210
BARTER HILL PARTNERSHIP LIMITED,04722505,Norwich,NR7 0TA,2003-04-03,71122
EMPATHY CARE SERVICES LIMITED,12537108,Ely,CB6 1PW,2020-03-27,87200
AVENTIS SOLUTIONS LIMITED,07673288,Salford,M3 5EN,2011-06-17,"46460, 82990"
QUIGLEY PLANT HIRE LIMITED,NI642477,Enniskillen,BT92 3DG,2016-12-01,43120
S G PERKINS LIMITED,12577277,Bath,BA3 5UF,2020-04-29,"01420, 01470, 46320"
"WILLIAMS, STANLEY AND CO. LIMITED",05860058,Grange-Over-Sands,LA11 6RT,2006-06-28,69202
DUNAMIS SOCIAL CARE LIMITED,10474868,Wellingborough,NN8 4NL,2016-11-11,"87300, 88100"
SIGNATURE LONDON LIMITED,12172961,London,W1W 6XB,2019-08-26,43999
THE ASSISTED SALE COMPANY LIMITED,09699758,Croydon,CR0 2AP,2015-07-23,68100
SEVEN BROTHERS BREWERY LIMITED,08771823,Salford,M50 1DS,2013-11-12,11050
SUPPORTING YOUNG FUTURES LIMITED,08806124,South Woodford,E18 1AN,2013-12-06,82990
MRM PROPERTIES (NEWTON AYCLIFFE) LLP,OC396994,Newton Aycliffe,DL5 6ZE,2014-12-09,
FIMATIX UK LTD,10860988,London,SE1 3ER,2017-07-11,62012
EUROPRIDE LIMITED,05013136,London,NW1 0AP,2004-01-12,14132
INTRINNA LIMITED,13836124,Wembley,HA9 6BD,2022-01-09,82990
JBM ENVIRONMENTAL SERVICES LTD,09651130,Ryton,NE40 3EX,2015-06-22,43120
INNOVATIVE START LIMITED,10810809,Aylesbury,HP19 8HL,2017-06-09,"87100, 87200, 87900"
S.S. MOORE LIMITED,NI005755,,BT1 4LA,1963-11-12,47640
BAMBINOS AND BEYOND LTD,12690051,Burton On Trent,DE13 0FY,2020-06-22,74100
CROFTSTONE MANAGEMENT LIMITED,07393480,Stratford-Upon-Avon,CV37 6UA,2010-09-30,82990
BLUE PEPPER CATERING LTD,08791885,Leeds,LS9 8QS,2013-11-27,56210
CHOICES HOME FOR CHILDREN LIMITED,04211653,Cheadle,SK8 2JY,2001-05-04,87900
EL SPARKLE LIMITED,13370385,Chelmsford,CM1 6QT,2021-05-03,81299
WILLOW TREE SUPPORT SERVICES LTD,11642105,Reading,RG1 2AN,2018-10-25,"86102, 87100, 87200, 88100"
COURTESY SHOES LIMITED,00567238,Bacup,OL13 0BW,1956-06-07,47721
FORTRESS CAPITAL PARTNERS LTD.,09643099,Harrow,HA1 2EY,2015-06-17,64922
CLOISTERS BUSINESS CENTRE MANAGEMENT COMPANY LIMITED,02139722,Cardiff,CF24 1LE,1987-06-10,68320
TML SOLICITORS LTD,08162752,Leicester,LE2 0PF,2012-07-31,69102
LEON RESTAURANTS LIMITED,05018441,London,E14 5AB,2004-01-19,56101
PEAK HOME ASSIST LTD,11818960,Ilkeston,DE7 8EF,2019-02-11,87300
DIAL4CARE RECRUITMENT LTD,08268027,Bedford,MK40 3JJ,2012-10-25,"78200, 87200"
SAFTA TRADING LTD,13297352,London,W1D 4AL,2021-03-28,56101
EXCELL CARE SERVICES LIMITED,10874808,Birmingham,B1 3HS,2017-07-19,78200
GROUP FIRST HOLDINGS LIMITED,05739246,Padiham,BB12 7NG,2006-03-10,68100
PEACH ENTERPRISES LIMITED,NI608642,Donaghadee,BT21 0HE,2011-08-17,56101
DIN & ASSOCIATES LTD,10528272,Halifax,HX1 1HS,2016-12-15,69102
AUJLA DISTRIBUTION LTD,12868679,Slough,SL1 4DX,2020-09-09,49410
THE HIT OR MISS PUB LTD,14424931,Amersham,HP7 0FA,2022-10-17,56302
ALBANY CARE (PORTCHESTER) LTD,12015379,Fareham,PO16 0EN,2019-05-24,96090
A. HIGGINS CONTRACTS LIMITED,NI690141,Magherafelt,BT45 8BF,2022-08-03,43120
AALTO MEDIA LIMITED,11649277,London,E17 5BY,2018-10-30,"90020, 90030"
MAGNET LIMITED,02762625,Business Park Darlington,DL1 4XT,1992-11-06,32990
OAKTREES CHILDREN NURSERIES LIMITED,08357419,Grimsby,DN37 9TT,2013-01-11,85590
ELANWORTH LIMITED,10871797,London,WC1N 3AX,2017-07-18,"43290, 74909"
HEADZPACE THERAPEUTIC CARE LIMITED,12737816,London,WC2A 1HR,2020-07-13,87200
TAYLEX DISPLAYS LIMITED,06240489,Halesowen,B62 8AY,2007-05-09,43320
CLAY BROOK HEALTHCARE LIMITED,11700150,Enfield,EN3 7XU,2018-11-27,"86900, 88990"
TRUSTHUB GROUP LTD,10188048,Truro,TR1 2XW,2016-05-19,78200
VWCC LIMITED,09032486,London,E16 1BD,2014-05-09,47710
PORTEOUS GROUNDWORKS LTD,13124538,Plymouth,PL6 7PL,2021-01-11,"41201, 41202, 42110, 42990"
BIRCH TREE NORTHERN LIMITED,07130186,Newcastle Upon Tyne,NE12 6EH,2010-01-19,41202
SYBO DELIVERIES LTD,11005648,Birmingham,B11 2RJ,2017-10-10,52290
FG TWELVE LTD,09611895,Erith,DA18 4AL,2015-05-28,79110
IMPRESSION HEALTH AND SUPPORT UK LTD,10695701,Liverpool,L13 0BQ,2017-03-28,"87100, 87200, 88100"
CT4N LTD,10465180,Leicester,LE19 1SD,2016-11-07,49319
SMART IMPACT LIMITED,06306392,London,EC1V 2NX,2007-07-09,"62011, 62012, 62020, 63110"
SEVENOAK INVESTIGATIONS LIMITED,08930214,Ipswich,IP1 1RJ,2014-03-10,82911
WEYBRIDGE SKIP HIRE LIMITED,05518133,Leigh-On-Sea,SS9 3NA,2005-07-26,"38110, 49410"
