company,number,T/O,priority,fx_evidence,fx_position,confidence,overseas_parent,currencies_named,hedging_instruments,call_ammo,triggers
Nationwide Produce PLC,01972264,£204.0m,"P1 - exposed, no cover",stated,unhedged,high,"yes - Nationwide Produce Group Holdings Limited, England and Wales",not disclosed,none evident,Turnover £204.03m FY25 vs £186.30m FY24. Certain purchases made in foreign currencies with FX differences taken to P&L; no hedging instruments disclosed. No specific exchange gains or losses quantified in accounts. Wholly owned subsidiary of Nationwide Produce Group Holdings Limited.,"Record turnover FY25 £204.03m (+9.5% YoY). Major capex: £6m onion packing extension at Long Sutton, land acquisition, fleet expansion (3 electric vehicles), Burscough transport hub investment. Three new directors appointed August 2025."
Lioncroft Wholesale Ltd,12363134,£148.0m,"P1 - exposed, no cover",stated,unhedged,high,no,GBP - presentation currency; USD - named in XBRL taxonomy; EUR - named in XBRL taxonomy,none evident,"Turnover £147,975,841 FY25. Loss before tax £1,377,514. No exchange gains or losses disclosed. No hedging instruments evident. Company is wholly owned subsidiary of UK-domiciled Lioncroft Holdings Ltd (Wouhra family owned).",none found
Rayburn Trading,00588569,£98.5m,"P1 - exposed, no cover",stated,unhedged,high,"yes - The Jesem Group Limited, England",not disclosed,none evident,Turnover £98.5m FY25 versus £105.8m FY24. No hedging instruments held despite strategic report identifying exchange rate fluctuations as monitored risk. Export markets mentioned as strategic priority post-Brexit but no quantified FX exposure disclosed.,"Turnover declined 7% to £98.5m (from £105.8m). Strategic report notes Brexit trading restrictions now easing, enabling re-entry to non-domestic markets previously abandoned."
Forrest Fresh Foods Ltd,07122479,£84.1m,"P1 - exposed, no cover",stated,unhedged,high,no,not disclosed,Forward exchange contracts permitted under policy; none evident as held or active,"Turnover £84.1m in FY24. Gross profit margin 7.47% (down from 8.35% in prior year). Operating loss of £6,740 despite revenue growth due to warehouse expansion and technology investment. Group policy permits forward exchange contracts for hedging but no evidence of active use disclosed.","Turnover grew 10% YoY to £84.1m (65% uplift on prior 8-month period). Significant operational investment in warehouse expansion, Microsoft Business Central ERP implementation, and launch of tobacco/vaping category."
ABBEY VIEW PRODUCE LIMITED,01071951,£67.2m,"P1 - exposed, no cover",stated,unhedged,high,no,Euro - identified as principal currency exposure in market risk disclosure,none evident,Group turnover £67.2m (13% increase). Consolidated loss £2.11m FY24 vs £1.67m FY23. KB 100 subsidiary loss £3.59m driven by biological pest failure. Strategic report identifies Euro/Sterling currency volatility as principal market risk. No FX hedging instruments disclosed. Net assets £10.5m; going concern confirmed by auditors.,KB 100 Ltd subsidiary suffered unprecedented crop losses from aphid infestation (Myzus Persicae) causing turnover to fall from £5.45m to £3.04m and net loss of £3.59m. Directors report early 2025 indicators showing positive results with expectations of record yield.
Brand Machine Group,07867629,£67.0m,"P1 - exposed, no cover",quantified,unhedged,high,no,USD - primary exposure on overseas purchases; GBP - functional currency; EUR - incurred costs; Polish Zloty (PLN) - incurred costs; AUD - incurred costs,none evident,"Turnover £66,978,687 FY25 vs £52,200,000 FY24 (28% growth). Operating profit £11,632,692 FY25 vs £2,100,000 FY24 (450%+ increase). Primary FX exposure is USD on overseas purchases. No hedging instruments held or mentioned. Currency translation loss of £49,787 taken to retained earnings in FY25.","Revenue growth 28% to £67.0m; operating profit increased over 450% to £11.6m. Opened two new distribution centres in Australia and Poland during the year. Expanded brand relationships including US Polo Assn extension, New Balance first season trading, and onboarding of new global brand Q4 2025."
Unity Automotive Group,07407301,£66.1m,"P1 - exposed, no cover",stated,unhedged,high,no,not disclosed,none evident,Turnover £66.1m FY25 vs £55.5m FY24 (19.1% growth). No FX gains/losses disclosed. No hedging instruments held or mentioned in use. Domestic-only UK automotive operations with no currency exposure evident from accounts.,"Two business integrations completed during FY25 with additional strategically located site acquired May 2025. Aftersales revenue grew 62.6% to £6.8m, offsetting margin compression in used vehicle sales from EV market volatility."
Su-Bridge Pet Supplies Ltd,06323031,£62.0m,"P1 - exposed, no cover",stated,unhedged,high,no,not disclosed,none evident,"Turnover £61,972,837 FY25 vs £41,229,971 FY2023 (18-month period). No exchange gain/loss figures disclosed. No hedging instruments evident despite hedging reference in cash flow statement ('Cash flow hedges gain arising in the period' showing £0 both years). Group statement of comprehensive income explicitly shows zero hedging activity.","Acquisition of Autarky, Chudleys, Gusto & Gelert brands from United Petfood in June 2025. Turnover increased 33.5% to £62.0m over 18 months."
UNDERWOOD MEAT COMPANY LIMITED,02716900,£60.3m,"P1 - exposed, no cover",stated,unhedged,high,no,not disclosed,none evident,Turnover £60.3m FY24 vs £65.1m FY23 (-7.5%). No foreign exchange gains/losses disclosed in accounts. No hedging instruments held or evidenced. Material uncertainty on going concern disclosed due to covenant breaches and dependence on revised customer pricing contract not yet signed at approval date.,Banking covenant breaches on two term loans during FY24 with further breaches expected in FY25. Post-year-end commodity inflation (30-40% average rise in base protein costs from late December 2024) impacting margin materially (c£150k per month).
Evtec Automotive,12650654,£58.9m,"P1 - exposed, no cover",stated,unhedged,high,no,EUR - foreign currency balances monitored; USD - foreign currency balances monitored,none evident,"Foreign currency exposure limited to EUR and USD balances only; no hedging instruments held. Company derives over 80% revenue from single customer. Material uncertainty over going concern exists due to single customer concentration, £5.2m existing loan extended to July 2027, and £4.5m new loan due March 2026.","Flood at critical coil supplier mid-year reduced sales volumes. Key customer advanced £4.5m interest-free loan October 2025, maturing March 2026, with further £1m discretionary."
Central Foods Limited,02666517,£54.4m,"P1 - exposed, no cover",quantified,unhedged,high,no - UK owned; part of Autumn Foods Holdings Limited group (UK registered 09406975),GBP (sterling) - stated as preferred currency for purchases; no other currencies explicitly named,none evident,Turnover £54.4m FY25 vs £47.0m FY24 (+15.6%). Foreign currency risk policy: spot purchasing on PO raise and sterling preference - no hedging instruments held. Rest of world sales only 0.09% of turnover (£51k of £54.4m).,"Turnover increased 15.6% to £54.4m (2024: £47.0m). Working capital metrics stable (current ratio 2.23, creditor days 40.31)."
Lomond Fine Foods,SC175710,£51.2m,"P1 - exposed, no cover",stated,unhedged,high,no,not disclosed,none evident,Turnover £51.2m FY25 (up 22.8% from £41.7m FY24). Directors' report states the group does not use derivatives for financial risk management or speculative purposes. No FX gains or losses disclosed in comprehensive income statement for either year.,"Strategic acquisition of CSF completed, enhancing customer base and product portfolio. Turnover growth of 22.8% to £51.2m in FY25; installation of PV panels reducing electricity consumption by 60%."
International Tyres and Trading Limited,02567157,£45.5m,"P1 - exposed, no cover",stated,unhedged,high,no,not disclosed,none evident,"Turnover £45,512,146 FY25 (down 4.1% from £47,456,204 FY24). Operating profit collapsed 42.1% to £1,064,111; net pre-tax profit down 94% to £60,907. Interest payable rose 23.9% to £1,003,204 despite no hedging instruments disclosed. Strategic report identifies exchange rate fluctuations as economic risk factor but no FX gain/loss figures or hedging activity stated.",Turnover declined 4.1% to £45.5m; gross profit improved 9.2% but operating profit halved (down 42.1%) due to storage costs and higher financing charges from base rate rises and extended supplier lead times.
Hilltop Food Group,09365028,£45.4m,"P1 - exposed, no cover",stated,unhedged,high,no,GBP - functional and presentational currency,none evident,Turnover £45.4m FY25 (up 3% YoY). Operating profit £2.5m (down 35% YoY). No FX hedging instruments disclosed. Foreign currency transactions mentioned but no exchange gains/losses quantified in accounts.,Secondary site transition from contract packing to proprietary peanut butter brand launch. Operating profit declined 35% to £2.5m; gross profit down 4% despite 3% turnover growth.
Bawnbua Foods,NI030183,£44.9m,"P1 - exposed, no cover",stated,unhedged,high,no,GBP - functional currency; USD - referenced in XBRL schema; EUR - referenced in XBRL schema,none evident,"Turnover £44,940,999 (FY24: £44,270,517). No exchange gains or losses disclosed. No hedging instruments held or referenced. Foreign currency transactions recorded at spot rate on transaction date per FRS 102; no active FX management evident.","Turnover increased 1.5% to £44.94m (FY24: £44.27m) on operating profit of £958,062 (FY24: £949,625). Strategic focus on sourcing from local, UK, European and international suppliers amid ongoing post-Brexit trade complexities and geopolitical disruption."
Arden Fine Foods (UK) Ltd,02572217,£42.1m,P2 - partly covered,quantified,partial,medium,"yes - Shareco 5 Limited, England and Wales (ultimate parent); immediate parent Calco (104) Limited","GBP - presentation currency; EUR - GBP/EUR volatility mentioned as pressure on profitability; USD - disclosed in XBRL taxonomy only, no operational context stated","Forward contracts - company states 'we mitigate where possible through forward contracts' and 'At 30 April 2025, the company had entered into contracts to purchase foreign currency at future dates'. No commitment values or detailed terms disclosed.","FY25 FX loss 339,678. Company uses forward contracts for mitigation but no fair value, notional or commitment amounts disclosed. GBP/EUR volatility explicitly named as principal risk. Turnover £42.1m (FY24: £38.4m).",Turnover growth of 9.6% (£3.7m increase to £42.1m) driven by price increases and volume growth. GBP/EUR volatility explicitly cited as ongoing profitability pressure.
PVC Building supplies Ltd,01950332,£39.9m,"P1 - exposed, no cover",stated,unhedged,high,"yes - P.V.C Group Holdings Limited, UK",not disclosed,none evident,"Turnover £39,927,620 FY24 vs £41,139,745 FY23. No FX gains or losses disclosed in accounts. No hedging instruments or currency exposures mentioned. UK domestic supplier with no evidence of foreign exchange activity.",ERP system implementation went live 1 April 2025 after pause in early 2024. Distribution network doubled with new depots in Huntingdon and Avonmouth (2023). Turnover declined 3% YoY to £39.9m due to new-build housing market downturn.
Caterite Food & Wineservice Ltd,03639100,£39.1m,"P1 - exposed, no cover",stated,unhedged,high,no,not disclosed,none evident - accounts state 'they have not entered into any hedging arrangements in respect of risks relating to trade debtors',All sales to UK based customers only. No hedging arrangements in place. No exchange gains or losses disclosed. FY9m25 turnover £39.091m; FY12m24 turnover £47.710m.,"Turnover increased from prior period due to unit cost rises and expanded geographical customer base. Net assets £13.8M, up 8% from 2024."
Group Tyre Wholesale Limited,07399286,£37.0m,"P1 - exposed, no cover",quantified,unhedged,medium,no,USD - non-premium products sourced from Far East; GBP - functional currency,selective currency hedging mentioned as undertaken in 2024; no derivative instruments detailed in accounts; no outstanding forward contracts or options quantified,Turnover £37.0m in FY24 vs £35.5m in FY23 (4.3% growth). Non-premium products sourced primarily from Far East denominated in USD; pound weakness at key purchasing points created margin pressure and eroded margins on key product lines. Selective currency hedging undertaken in 2024; no hedging instruments quantified in accounts. Inventory deliberately managed with stock purchased ahead of cost spikes to enhance resilience.,2024 marked by significant currency volatility and global freight market disruption; pound weakened at key purchasing points creating margin compression; EU trade protection investigation into tyre imports from China initiated in 2025 with anti-dumping procedures likely to follow.
Cherrytree Bakery,01821491,£36.6m,"P1 - exposed, no cover",stated,unhedged,high,no,not disclosed,none evident,"Turnover £36,597,422 FY25 vs £32,064,657 FY24 (14% growth). Strategic report states 'The company does not actively use financial instruments as part of its financial risk management.' No exchange gains or losses disclosed. No currencies or forward contracts named in financial statements.",14% turnover growth to £36.6m (FY25 vs FY24 £32.1m). Strategic widening of customer portfolio and new contracts agreed; launch of cold process product range enabled by new facility.
John Mulholland Motor Group,NI037684,£34.4m,"P1 - exposed, no cover",stated,unhedged,medium,no,not disclosed,none evident,Foreign exchange risk acknowledged but no hedging instruments used to date. Position kept under review. All turnover UK-denominated. No exchange gains or losses disclosed in P&L.,"Pre-tax profit increased 63% to £893,631 (FY24: £547,610) on turnover growth of 12.8% to £34.4m. Directors state group is well placed for uncertainties."
JJ Roofing Supplies,02344840,£33.1m,"P1 - exposed, no cover",stated,unhedged,high,no,not disclosed,none evident,The company explicitly states 'The Company does not use financial instruments to hedge against interest rate risks or foreign exchange risks.' No exchange gains or losses disclosed in financial statements. Domestic roofing materials retailer with no visible export activity or international exposure.,Turnover increased 5% to £33.1m (FY23: £31.6m). Profit before tax increased to £1.285m (FY23: £0.224m). Company continues to look for acquisitions in the sector.
Castle Precision Engineering,SC039355,£32.5m,"P1 - exposed, no cover",quantified,unhedged,medium,no,GBP - functional currency; USD - not disclosed; EUR - not disclosed,none evident,"FY24 revenues £32.5m with first net profit position post-Covid. Exchange losses £51,951 FY24 and £35,415 FY23. No hedging instruments held or evident in accounts.",Successful robotic systems deployment delivering productivity gains. Second consecutive Rolls-Royce Global Supplier of the Year Award. Major contract renewal signed with largest customer at Farnborough International Airshow 2024.
3 Line Electrical Wholesale Ltd,06499284,£32.2m,"P1 - exposed, no cover",stated,unhedged,high,no,not disclosed,none evident,"Turnover 32,248,601 FY25 vs 31,938,117 FY24. No FX gains or losses disclosed in accounts. No hedging instruments or foreign currency positions mentioned anywhere in financial statements or notes. Wholly owned subsidiary of 3line (Holdings) Limited (UK). Cash position tight at £11,600 with current liabilities 9,770,542 against current assets 10,276,100.",Paused Worcester expansion to consolidate existing 14-branch network. No immediate expansion plans. Cost pressures from government-mandated minimum wage and employer NI increases driving workforce restructuring.
North South Wines Ltd,08900184,£32.2m,P2 - partly covered,quantified,partial,high,no,not disclosed,"Forward foreign exchange contracts held. FY25 fair value loss £124,747; FY24 fair value loss £12,183. Policy states forward contracts are utilised to hedge against currency exposure on agreements where appropriate.","Forward currency derivative loss £124,747 in FY25 vs £12,183 in FY24. Company actively uses forward foreign exchange contracts to hedge foreign currency trading exposure. Turnover 32.2m FY25, up from 27.7m FY24.",Turnover increased 16% to £32.2m (FY24: £27.7m); operating profit doubled to £1.1m from £0.6m. Company retained BRC Agents and Brokers AA grade and met sustainability KPIs.
Pavestone UK Limited,04643500,£30.0m,"P1 - exposed, no cover",stated,unhedged,high,no,not disclosed,"none evident - policy permits hedging of currency and shipping rates where beneficial, but no instruments held or commitment values stated",Turnover fell to £30.0m from £32.5m (2024 vs 2023). No exchange gains or losses disclosed in P&L. Strategic report acknowledges currency market volatility and hedging as a mitigation tool but no active hedging instruments identified in accounts.,Turnover reduced 7.7% year-on-year from £32.5m to £30.0m reflecting market turbulence and cost-of-living crisis. Borrowings reduced by £814k to £2.09m; company focused on strengthening balance sheet.
Leading Solvent Supplies Ltd,02699869,£28.3m,"P1 - exposed, no cover",stated,unhedged,high,"yes - Iconiqem Group Limited, United Kingdom",not disclosed,none evident,Turnover £28.3m FY25 (down from £29.1m FY24). Operating profit £791k FY25 (down from £2.5m FY24) despite gross profit margin improving to 23.0% from 28.9%. Auditor issued qualified opinion: unable to satisfy themselves on inventory quantities of £2.58m at 30 April 2025. No exchange gains or losses disclosed in accounts. No hedging instruments identified.,Acquisition of minority interest by Iconiqem Group Limited. Integration of Carchem Limited and Valetchem Limited to enhance automotive sector product range. New ERP system implemented for manufacturing and stock control.
Echo Packaging,02717201,£27.6m,"P1 - exposed, no cover",quantified,unhedged,high,no,EUR - principal risk factor identified as GBP vs EUR exchange rate volatility; USD - principal risk factor identified as GBP vs USD exchange rate volatility,none evident,"Foreign exchange gain of 24,380 FY25 versus loss of 11,507 FY24. Overseas turnover 2.254m (8.2% of total) versus UK 25.327m, with stated principal risk of GBP vs EUR and USD volatility. No hedging instruments held. Invoice discounting facility of 4.587m secured against trade debtors indicates tight cash position.",Group invested over £1m in new equipment during 18-month period and committed to further investment in cutting-edge technology to increase production capacity for UK domestic and European markets. Two directors resigned 30 September 2025 post-period-end.
Bumble Hole Foods Ltd,04297967,£27.5m,"P1 - exposed, no cover",quantified,unhedged,high,"yes - Hardeman Egg Group B.V., acquired May 2025",not disclosed,none evident,"Turnover fell from £33.0m (FY23) to £27.5m (FY24). Foreign exchange gains only £2,362 FY24 and £5,889 FY23 - immaterial. No hedging instruments disclosed. Company acquired by Hardeman Group (Netherlands) in May 2025.",Acquisition by Hardeman Group in May 2025 strengthens raw material supply. Strategic shift to short-term contracts in 2025 to align pricing with market conditions. Turnover declined 16.6% to £27.5m in 2024 due to avian flu outbreaks and raw material cost increases.
Service Timber Limited,02241351,£27.4m,"P1 - exposed, no cover",quantified,unhedged,high,"yes - Rytimber Limited, United Kingdom",not disclosed,none evident,"Company imports timber from Scandinavia, Germany and Eastern Europe on forward contracts typically 3 months in advance. No exchange gains/losses disclosed in P&L. No hedging instruments or FX derivatives disclosed as held. Turnover 27,432,529 (FY25); prior year 27,984,880 (FY24).",Turnover declined 1.97% year-on-year from 27.98m to 27.43m. Company investing heavily in machinery automation and cost-saving methods to address manufacturing industry challenges.
Window Supply Company,SC615256,£27.4m,"P1 - exposed, no cover",stated,unhedged,high,no,not disclosed,none evident,Turnover £27.4m FY25 vs £25.2m FY24 (+9%). No exchange gains/losses disclosed. Strategic report acknowledges foreign exchange volatility and geopolitical uncertainty as supply-chain risks but no hedging instruments or FX transactions evident in financial statements.,Turnover grew 9% to £27.4m FY25 (from £25.2m FY24). New trade counters in Scotland and England established in past 2 years consolidating market position.
The Estate Dairy,09731984,£26.4m,"P1 - exposed, no cover",stated,unhedged,high,no,GBP - functional and presentational currency; USD - not mentioned; EUR - not mentioned; CHF - not mentioned. Strategic report states: 'All overseas sales are currently invoiced in GBP. The business currently operates a GBP only bank account.',none evident,"All overseas sales invoiced in GBP; GBP-only bank account operated. Overseas purchases stated as 'not currently material'. No foreign exchange gains or losses disclosed in accounts. Operating profit fell 50.1% to £344k despite 37% revenue growth, driven by dairy commodity prices and management investment.","Turnover increased 37% to £26.4m in 2025. Company took on 2 new leasehold sites during 2025 and is investing significantly in plant and machinery for yoghurt and butter production capacity, to be commissioned in 2026."
ECS Engineering Services Ltd,02454269,£26.0m,"P1 - exposed, no cover",quantified,unhedged,high,"yes - Engineering Solutions Group Limited, UK",not disclosed,Forward exchange contracts permitted by Board delegation to finance function for short-term currency exposures where economically practical. No evidence of instruments actually held or committed values stated.,"Exchange gains FY25 £42,973 and FY24 £22,271. Company names FX risk from non-sterling purchases but no active hedging instruments in evidence. All turnover (£26.0m) is UK-sourced.",Contract completed that incurred exceptional loss of £1.06m in FY24; company tracking 15% organic growth budget for FY26 with orders 25% ahead of budget as at July 2025.
Mitras Automotive UK LTD,02849455,£25.9m,"P1 - exposed, no cover",stated,unhedged,high,"yes - Senata GmbH, Germany",not disclosed,none evident,Strategic report states 'limited exposure to foreign currency risk as transactions with customers outside the UK are billed in sterling'. No FX P&L figures disclosed despite signals. Turnover fell from £30.85m (2024) to £25.92m (2025). Wholly owned by German parent Senata GmbH.,Sales declined 16% in 2025 in Off Highway sector. Business forecasts 2026 turnover of £24.2m and investing in IT infrastructure improvements.
Contura International,13119454,£25.1m,"P1 - exposed, no cover",quantified,unhedged,high,no,"DKK - bank debt facility and property acquisition in Denmark; EUR - production facility extension cost (€23.5m construction, €6.5m machinery) and lease finance facilities; GBP - presentational currency, functional currency of parent company; USD - tariff risk mentioned but no transactional exposure detailed",none evident,No forward exchange contracts held as at 31 December 2024. Group operates with natural hedge via multi-currency cash holdings but no derivative instruments employed. FY24 turnover £25.1m (2023: £20.9m) with material DKK and EUR exposures from Danish manufacturing operations and €23.5m facility extension. Loss before tax £2.3m (2023: profit £523k). Currency translation loss £626k in FY24 comprehensive income statement.,"Production facility extension building completed October 2024, validation and regulatory approval expected 2025, production start Summer 2026. Bank overdraft facility increased to DKK 67.5m in July 2024 and further to DKK 104.5m post year-end (February 2025). DKK 50m property acquisition in Denmark (Sydmarken 29) completed March 2024 with seller financing."
Pitreavie Packaging,SC290452,£25.0m,"P1 - exposed, no cover",quantified,unhedged,high,"yes - MacFarlane Group PLC, United Kingdom (acquired January 2025)",not disclosed,none evident,"Turnover £25m FY25 (£24.15m FY24). Bank invoice finance facility £3,129,792 outstanding (FY24 £2,984,991) - supplier finance arrangement. Export £0.55m of £25m total turnover (2.2%). No FX gains or losses disclosed. No hedging instruments evident.",Company acquired by MacFarlane Group UK Ltd (subsidiary of LSE-listed MacFarlane Group PLC) in January 2025. Turnover increased 3.4% to £25m with 75% of revenue from internally manufactured products.
BSB Engineering Services Limited,01502632,£23.4m,"P1 - exposed, no cover",quantified,unhedged,high,"yes - Maico Holdings GmbH, Germany","GBP - functional and presentational currency. USD, EUR, CHF not explicitly named.",none evident,Exchange differences immaterial at £889 FY24 and £1075 FY23. Turnover £23.39m FY24 (7% growth). No hedging instruments held. Subsidiary of German parent Maico Holdings GmbH.,Final damper manufactured in Sittingbourne in December 2024 after 45 years; facility refurbishment near Aylesford completed to enhance future service capacity.
THEOS FOOD CO. LIMITED,04552101,£23.2m,"P1 - exposed, no cover",stated,unhedged,medium,no,GBP - presentation currency; USD - referenced in XBRL taxonomy; EUR - referenced in XBRL taxonomy,none evident,"No exchange gains or losses disclosed in accounts. No hedging instruments held or referenced. 55% of revenue (£12.86m) derived from single related party customer. Turnover increased 9.6% to £23,248,689 in FY2024.",Company exploring expansion into regional export markets in Ireland and Northern Europe. Plans to invest in energy-efficient refrigeration and waste management systems.
The Paint Shed,SC031414,£23.0m,"P1 - exposed, no cover",stated,unhedged,high,no,not disclosed,none evident,"All turnover £23,041,826 generated in United Kingdom. No exchange gains or losses disclosed. No hedging instruments evident in accounts. FX risk not addressed in strategic report or risk discussion.",Acquired Ian Russell (Paints) Limited on 1 May 2024. Ecommerce revenue grew 14.9% in 2024. Opened 1 new store in 2024 with all recent store openings ahead of expected growth.
Ramsey Timber Group,15769177,£22.8m,"P1 - exposed, no cover",stated,unhedged,high,no,GBP - presentation currency; USD - listed in taxonomy metadata; EUR - listed in taxonomy metadata,none evident,"Turnover £22,794,300 for period 10 June 2024 to 30 September 2025. Gross profit margin 20.9%. No foreign exchange gains or losses disclosed. No hedging instruments evident in accounts. Company acquired intermediate subsidiary and trading subsidiary during the period with deferred consideration of £4,492,158 payable on demand.","Acquisition of 57.69% of Peter Ramsey & Sons Limited on 28 June 2024 for £5,092,158 cash and £3,321,656 in share consideration; consolidation of intermediate and trading subsidiaries into new group structure."
BMP Europe Ltd,01845855,£22.4m,"P1 - exposed, no cover",stated,unhedged,high,"yes - Andrew Industries Limited, England and Wales",not disclosed,none evident,Turnover £22.4m FY25 vs £19.3m FY24 (16.3% growth). No hedging instruments held; strategic report states 'makes little use of financial instruments other than an operational bank account'. Directors identify exchange rate volatility as principal risk yet no FX P&L disclosed in accounts.,Turnover increased 16.3% year-on-year to £22.4m. Company expects commercialisation of new products going forward.
GP&J Baker Ltd,03761709,£20.4m,"P1 - exposed, no cover",stated,unhedged,high,"yes - Kravet LLC, United States",GBP - functional and presentational currency,none evident,"Turnover £20.399m FY25 (up 5.4% from £19.346m FY24). No exchange gains/losses disclosed. No hedging instruments identified. Parent company is US-based Kravet LLC but no FX exposure detail provided despite international sales across UK, US and European markets.",Launch of new collections with Mulberry Home and Historic Royal Palaces in 2025. Ongoing investment in wallcovering collections showing growth. Management monitoring tariff risks and geopolitical uncertainties.
Tims Dairy Limited,01805834,£20.4m,"P1 - exposed, no cover",stated,unhedged,medium,no,GBP - functional currency; USD - listed in XBRL taxonomy but no transactional context stated; EUR - listed in XBRL taxonomy but no transactional context stated,none evident,Turnover £20.38m (FY25) vs £18.92m (FY24). No exchange gains or losses disclosed in accounts. No hedging instruments identified. 100% UK-based operations; all turnover derived from UK activity.,"Turnover increased 7.7% to £20.38m driven by new customer sales and price increases. Gross margin improved to 19.9% following brand relaunch and product restructuring. Pre-tax profit (excluding asset disposals) of £530k vs £57k prior year, attributed to portfolio restructure and new manufacturing capability."
Respirex International Limited,00592506,£20.3m,"P1 - exposed, no cover",stated,unhedged,high,no,GBP - functional currency; USD - functional currency; EUR - functional currency,none evident,"Turnover £20.3m FY25 vs £18.6m FY24. Operating profit £2.57m vs £1.79m prior year. No exchange gain/loss figures disclosed despite three functional currencies (GBP, USD, EUR). Strategic report states 'higher than usual levels of stock to hedge against higher costs' but no hedging instruments held.",Record turnover of £20.3m (vs £18.6m prior year) and record order book at year-end. MFC International subsidiary loss reduced to £143.5k from £517.9k; German subsidiary Respirex GmbH profitable at £11.6k. New product launches driving significant growth in early FY26.
Styrene Packaging & Insulation Ltd,01800539,£20.2m,"P1 - exposed, no cover",stated,unhedged,high,no,not disclosed,none evident,"Turnover £20,218,866 (FY24: £20,859,793). Operating profit £1,548,473 (7.7% margin). Strategic report explicitly identifies volatile exchange rates as affecting the economy; no hedging instruments disclosed. No FX gains or losses stated in the accounts despite foreign exchange being identified as a principal risk.","Strategic report notes continued trade tensions between USA and China as a concern for 2025; company has invested in new plant, machinery, and quality control/technical staff during the period with margins improving."
Technical Textile Services,02672522,£20.0m,"P1 - exposed, no cover",stated,unhedged,high,"yes - Ecolab Inc., USA",not disclosed,none evident,"Turnover £19,963,501 FY24 (down £701,567 from FY23). No exchange gains or losses disclosed in P&L or notes. No hedging instruments identified or held. Company is subsidiary of US parent Ecolab Inc. with guaranteed financing.","Goodwill impairment charge of £653,042 in FY24 due to strategic focus on higher-margin products and streamlined sales base. Exceptional costs of £493,273 (vs £637,430 prior year) related to integration with Ecolab group operations; parent company loan of £2,547,827 released on 25 November 2024."
Chester Hall Precision Engineering Limited,01156177,£19.9m,"P1 - exposed, no cover",stated,unhedged,high,no,not disclosed,none evident,Company exposed to foreign exchange risk from certain suppliers and customers trading in foreign currencies but no hedging instruments disclosed. Turnover £19.95m (FY24) and £17.73m (FY23). No exchange gains or losses stated in accounts. FX risk managed through sales and purchases management only.,Pre-tax profit grew 18% to £2.695m (FY23: £2.279m). Net assets increased to £25.1m. Company actively seeking new customer business and planning investment in plant and equipment to manage program increases.
RunFlat International Ltd,04222434,£19.9m,"P1 - exposed, no cover",quantified,unhedged,high,no,not disclosed,none evident,"Turnover £19.88m (10 months FY25) vs prior 12 months FY24, up 19.52%. Gross margin 16% maintained despite slight compression. Exchange rate exposure acknowledged as significant risk with no hedging instruments evident in accounts. Strategic report states company has internal FX policies and exchange strategies in place but no derivative instruments or forwards disclosed as held.","Ownership restructure completed February 2025: Westley Plastics Limited transferred shares in Runflat Holdings Ltd to Westley International Holdings Limited, triggering accounting period realignment. Capital investment programme: >£1.5m committed for plant and machinery, planned operational spring 2026."
AJT Engineering Ltd,SC026598,£19.5m,"P1 - exposed, no cover",stated,unhedged,high,"yes - Camellia Plc, United Kingdom",not disclosed,none evident,Revenue £19.5m FY24 vs £15.1m FY23 (29% growth). Loss before tax £0.3m FY24 vs £0.7m FY23. Bank overdraft reduced from £3.0m to £1.6m during year. Post-year-end (June 2025) received £3.95m equity injection from Linton Park plc eliminating overdraft entirely. No hedging instruments disclosed. No FX P&L figures disclosed despite imports from China mentioned.,Revenue grew 29% to £19.5m in 2024 driven by offshore asset repairs and hydro power maintenance. Significant operational restructure completed with Engineering Division consolidated to single facility and Site Services Division relocated to larger premises to support renewable energy growth.
Marine Specialised Technology Group,04390226,£19.5m,"P1 - exposed, no cover",stated,unhedged,high,no,not disclosed,none evident,Turnover £19.47m FY25 (£17.82m FY24). Operating profit £477k FY25 versus operating loss £183k FY24. No foreign exchange gains or losses disclosed. No hedging instruments or forward contracts evident in accounts despite defence/export exposure.,Return to operating profitability (£477k FY25 vs £183k loss FY24). Manufacturing capacity expansion planned at River Mersey shipyard delayed by legal dispute affecting site title.
Hako Machines Ltd,01414225,£18.6m,"P1 - exposed, no cover",stated,unhedged,high,"yes - L Possehl & Co GmbH, Germany",not disclosed,none evident,"Turnover £18,599,999 FY25 vs £17,300,535 FY24. No exchange gains or losses disclosed in accounts. No hedging instruments or forward contracts mentioned in financial statements. Ultimate parent L Possehl & Co GmbH (Germany) consolidates these accounts.","Turnover increased 7.5% to £18.6m in FY25 driven by equipment sales and rental growth. Profit after tax increased 43.5% to £848,843."
Bowmill Engineering Ltd,00981453,£18.5m,"P1 - exposed, no cover",stated,unhedged,high,no,GBP - functional currency; USD - referenced in taxonomy; EUR - referenced in taxonomy,none evident,"Turnover £18,524,377 (2023: £15,320,541). No exchange gains or losses disclosed. No hedging instruments held or referenced. USD and EUR named in taxonomy only; no transactional evidence.","Metal treatments business drove strong performance in 2024; group turnover up 20.9% to £18.5m, profit before tax up 59.5% to £1.03m."
UTS Engineering Ltd,04191875,£18.4m,"P1 - exposed, no cover",stated,unhedged,high,no,not disclosed,none evident,Turnover increased 20% to £18.4m in FY25 from £15.3m FY24. Operating profit fell to £777k from £1.5m due to acquisition integration costs. No FX hedging instruments disclosed. No exchange gains or losses reported in P&L.,"Strategic acquisition completed during FY25 driving 20% revenue growth to £18.4m. Directors expect significant revenue increases in 2025/26 from organic growth, framework contracts and patented products, with AMP 8 water sector spend at £104bn (71% increase vs AMP 7)."
International Applications Ltd,05708229,£18.4m,"P1 - exposed, no cover",stated,unhedged,medium,"yes - Paint World Holdings Limited, England",GBP - functional currency; USD - transactional exposure; EUR - transactional exposure,none evident,"Turnover grew to 18.4m in FY25 from 15.9m in FY24. Company has transactional currency exposure in USD and EUR but no hedging instruments held. Board monitors 12-month rolling cash flow forecasts in all trading currencies monthly; no evidence of forwards, options or other derivative use.",Turnover increased from £15.9m (FY24) to £18.4m (FY25). Company acquired products at further discounted values due to increased product volumes.
BB CATERING SUPPLIES LTD,08577202,£18.4m,"P1 - exposed, no cover",stated,unhedged,high,no,not disclosed,none evident,"Turnover 18,360,847 FY25 (up 11% from 16,540,831 FY24). No FX gains/losses disclosed. No hedging instruments evident. Company operates as unaudited small company filing.",none found
Ellpro Timber,07045259,£18.3m,"P1 - exposed, no cover",stated,unhedged,high,no,not disclosed,none evident,"Turnover FY24 £18,297,191 vs FY23 £19,038,731. No exchange gains or losses disclosed in accounts. No hedging instruments identified in financial statements despite mentions of European supplier relationships.",Turnover declined marginally year-on-year from £19.04m to £18.30m; company strengthened relationships with alternative European suppliers (EU mills and Latvian partners) to mitigate Ukraine supply chain disruption.
Advanex Europe,02301464,£18.0m,"P1 - exposed, no cover",quantified,unhedged,high,"yes - Advanex Group Inc., Japan","GBP (functional currency, Sterling); EUR (€653,733 guarantee on Czech subsidiary lease)",none evident,Foreign exchange gain £259k FY25 vs loss £301k FY24. Company explicitly does not hedge exchange rate or interest rate exposure. Czech subsidiary loss £209k FY25; USD tariff exposure live since April 2025 with full implications still being confirmed.,"US tariff changes announced April 2025 now impacting UK site; Czech facility building medical sector partnerships but operating at loss (£209k FY25, £336k FY24)"
Automotive Parts Distribution Ltd,02614439,£17.9m,"P1 - exposed, no cover",quantified,unhedged,medium,"yes - Automotive Parts Distribution Group Limited, UK (consolidation parent, same country)","GBP - functional currency; USD - referenced in XBRL schema only, no transaction detail; EUR - referenced in XBRL schema only, no transaction detail; CNH - not named; imports from China mentioned but currency not specified",Foreign currency options held and valued at year-end using Reuters poll mean exchange rate expectations; valuation methodology applied because counterparty unable to provide valuation; no forward contracts or other instruments evident,"Turnover £17.9m, up 8% from £16.6m. Gross margin improved to 40.5% from 36.1% driven by shift away from lower-margin export operations. Company holds foreign currency options valued using Reuters poll methodology; counterparty unable to provide independent valuation. Imports from China ongoing; no material USA trade exposure cited.",8% turnover growth to £17.9m; new trading locations opened during year; gross margin improvement from 36.1% to 40.5% driven by UK focus; operating profit decline from £579k to £391k due to new site establishment costs.
Dixon Group Europe Ltd,00328298,£17.8m,"P1 - exposed, no cover",quantified,unhedged,high,"yes - The Dixon Group, Inc., USA","USD - 40% of material purchases priced in dollars (2024), 45% (2023); EUR - held in separate bank accounts for self-hedging; GBP - functional currency; RUB - 55091048 and 4277406 Roubles held in Russia Branch and Dixon Russia LLC (restricted, non-trading)","Self-hedging policy: holds USD and EUR in separate bank accounts and pays suppliers from funds within these accounts to minimise exchange gains/losses on individual transactions. No forward contracts, options, or other derivative instruments evident.","Exchange losses 408,200 FY24 and 29,308 FY23. Operating loss of 78,743 in FY24 (prior year profit 536,573) attributed partly to currency fluctuations. 40% of material purchases priced in USD with self-hedging through separate bank account holdings only - no derivative instruments used. 67% of sales to overseas customers (13.2m of 17.8m turnover).","Operating loss FY24 £78,743 vs profit FY23 £536,573; gross margin compressed 2% to 28.4% due to supplier costs, imports and tariffs; Russia subsidiary liquidation commenced February 2024 (ongoing); France branch ceased 31 July 2025 with functions transferred to Germany; dormant UK subsidiaries dissolved January 2025."
Designplan Lighting,00784246,£17.8m,"P1 - exposed, no cover",quantified,unhedged,high,"yes - Fagerhult Group AB, Sweden",EUR - growth in German business and Euro to Sterling movement,none evident,"Exchange losses £33,822 FY24 vs gain £1,607 FY23 driven by EUR/GBP movement. German business represents £2.0m turnover (11.2% of group) now incorporated as subsidiary. Policy states 'manages risk from exchange rates by trading with customers and suppliers in same currencies where possible' but no hedging instruments held. Parent Fagerhult Group AB (Sweden) consolidates accounts.","German branch formalised into GmbH subsidiary on 31 December 2024, commencing trade 1 January 2025. Major UK Rail project (Beaulieu) delivered 2024; Cambridge Station project pipeline. Softer construction industry across Europe in 2024 offset by order intake only 1% down on 2023."
Regency Glass,05898141,£17.5m,"P1 - exposed, no cover",stated,unhedged,high,no,not disclosed,none evident,Turnover £17.5m (FY24) down from £18.6m (FY23). Gross margin improved to 44% from 40% year-on-year. No hedging instruments or foreign exchange data disclosed despite signal flags in filing pre-scan.,"Investment in new factory premises (B110), machinery purchases, and workforce expansion underway. Directors expect stable activity levels in 2025."
Celebrity Motion Furniture Ltd,04012089,£17.3m,"P1 - exposed, no cover",stated,unhedged,medium,"yes - Hollis Group Holdings Limited, UK",GBP - functional and presentation currency; USD - referenced in XBRL taxonomy tags; EUR - referenced in XBRL taxonomy tags,none evident,Turnover £17.3m (down 1.8% from £17.6m). No exchange gains or losses disclosed in accounts. No hedging instruments held. Wholly owned by Hollis Group Holdings Limited (UK parent). Competitive exposure from overseas manufacturers explicitly cited as principal risk.,"Turnover declined 1.8% to £17.3m. Parent company CVA (Company Voluntary Arrangement) cleared during the year. Gross margins compressed to 25.8% from 30.1%, attributed to competitive pressures from UK and overseas manufacturers."
European Springs & Pressings,00548932,£17.0m,"P1 - exposed, no cover",stated,unhedged,high,"yes - Beijer Alma AB (publ), Sweden",not disclosed,none evident,"Company does not actively use financial instruments for risk management. No exchange gains or losses disclosed in accounts. Wholly owned by ESP Holdings (UK) Limited, ultimately owned by Swedish parent Beijer Alma AB (publ).",Turnover increased 18% year-on-year to £17.0m. Director O Tengroth resigned 27 June 2025.
LED Electrical Ltd,02865572,£16.7m,"P1 - exposed, no cover",stated,unhedged,high,no,not disclosed,none evident,"Turnover fell from £19,114,110 (FY23) to £16,693,675 (FY24). No exchange gains or losses disclosed in P&L. Strategic report explicitly states 'As the company's funds are invested in sterling bank deposit accounts there is no price exchange risk exposure.' No hedging instruments held or referenced.",Turnover declined 12.6% from £19.1m to £16.7m in FY24 due to slow H1 trading. Company positioning for growth in renewables and public sector markets in 2025.
Custom Glass,03759518,£15.5m,"P1 - exposed, no cover",stated,unhedged,high,no,EUR - component purchases from suppliers,none evident,"Company imports small proportion of components in EUR, exposed to GBP/EUR movement. No exchange gains or losses disclosed in P&L. No hedging instruments held or mentioned in use. Turnover £15.5m FY25 (up from £14.7m FY24). Cash dropped from £8.4m to £1.7m due to £10.7m dividend payment.","Dividends of £10,690,085 paid in FY25 vs £134,000 in FY24, suggesting significant cash release. Directors anticipate continued growth and profits from technology and quality control investments."
C. R. Laurence of Europe,01208342,£15.5m,"P1 - exposed, no cover",quantified,unhedged,high,"yes - KPS Investors V Ltd, Cayman Islands",USD - purchases of stock; EUR - purchases of stock; GBP - functional currency and predominant sales currency,Policy permits forward contracts via online purchasing solution; none evident as held or used,"FY24 foreign exchange gain 33,243 following FY23 loss of 130,341. Purchases in USD, EUR and GBP; sales predominantly in GBP. Policy permits forward contracts but no evidence of use. Turnover 15.46m (FY23: 17.17m), down 10%.","Cautionary approach to 2025 expectations cited due to global pandemic, Ukraine and Israel conflicts. Gross margin compressed to 16.6% from 45.9% year-on-year."
Barnfather Wire (Midlands) Ltd,06437348,£15.3m,"P1 - exposed, no cover",quantified,unhedged,medium,no,not disclosed,none evident,"Exchange losses £423,370 FY25 and £821,286 FY24. No hedging instruments held or disclosed. Company imports raw steel; operates in volatile global steel market but no geographic export data disclosed. Operating profit collapsed 86% to £74,391 despite flat turnover (£15.3m).",Group reorganisation on 30 September 2024 transferred control from Barnfather Holdings Limited to International Wire Industries Limited. Two new directors appointed 1 August 2024.
Foods of Europe Ltd,04835259,£15.0m,"P1 - exposed, no cover",stated,unhedged,high,no,GBP (Sterling) - all invoicing and customer payments in £Sterling,none evident,"Turnover £15.0m, up 5.83% from £14.2m. All customer invoicing in £Sterling only; currency exposure stated as limited. No hedging instruments held. Gross margin compression 340bps YoY to 13.63%. Operating loss £301,593 FY25 vs operating profit £331,308 FY24.","Gross profit margin contracted from 17.06% (FY24) to 13.63% (FY25). Operating loss of £301,593 vs profit of £331,308 prior year. Expansion into Middle East, Far East and Africa mentioned as future growth opportunities."
Griffon Marine Ltd,00853053,£14.9m,P2 - partly covered,quantified,partial,high,"yes - Bland Group UK Holdings Limited, UK","JPY - hedged forward contract matured in FY25, revaluation of JPY held in cash; USD - purchases exposed; EUR - purchases exposed; CAD - forward contracts held for sale of CAD/purchase of GBP (FY25 debtors £81895 net); PLN - forward contract (FY23, matured)","Forward contracts held: CAD forwards (net debtors position £81895 FY25); JPY option/forwards (matured in FY25, nil valuation at year end); PLN forward (matured, nil valuation at year end). Total forward contract commitment value £1.9m at 31 March 2025 (2024 - £16.4m). Policy: forwards obtained on foreign currency denominated contracts where appropriate; natural hedges used where contract inflows offset supplier payments.","Turnover 14,941,909 FY25 down 44% from 26,547,540 FY24 due to major build completion. Foreign exchange gain 1,635,200 FY25 on maturity of JPY hedge vs loss 1,649,644 FY24. Forward contracts held valued at £1.9m (down from £16.4m FY24). Export 55% of revenue (Rest of world 8.17m); purchases in EUR and USD with natural hedges and forward contracts used. Parent company loan £18.5m with committed non-recall for 12 months.",Company renamed from Griffon Hoverwork to Griffon Marine during FY25. Large hovercraft build completed in prior year (FY24 craft sales £15.9m vs FY25 £4.3m). Stock impairment of £1.98m on pre-owned hovercraft reflects market pressure. Services revenue grew 48% to £10.6m. Strong pipeline of multiple craft units noted.
Century Electrical Wholesale,NI053328,£14.8m,"P1 - exposed, no cover",stated,unhedged,high,"yes - National Electrical Wholesalers (Irl) Limited, Republic of Ireland",GBP - functional and presentational currency,none evident,"Turnover FY25 £14,830,996 down 4.1% from FY24 £15,471,013. Pre-tax profit FY25 £671,221 down 17.2% from FY24 £810,299. No exchange gains or losses disclosed. No hedging instruments held or evidenced.","Turnover declined from £15,471,013 (FY24) to £14,830,996 (FY25). Pre-tax profit fell from £810,299 (FY24) to £671,221 (FY25)."
Protective Packaging Ltd,02312465,£14.2m,"P1 - exposed, no cover",quantified,unhedged,medium,"yes - Betronics Limited, United Kingdom",GBP - functional currency; USD - mentioned in XBRL tags; EUR - mentioned in XBRL tags and referenced in strategic report as Euro-based sales and purchases,none evident,"Export 34.0% of £14.25m turnover (£4.845m). Strategic report confirms 'natural hedge mechanism related to an almost equitable split in overseas currency sales and purchases' but no forward contracts or derivatives held. No exchange gains or losses disclosed in P&L. Company finances via invoice financing (factoring debt £650,534 with Close Brothers Limited).",Sales revenue increased 8.82% year-on-year to £14.25m with gross margin improved to 61.9% from 61.1%. Export markets expanded to 43 territories (from 41 in 2023). Company investing in new ERP and CRM systems.
Ovia Lighting,11033089,£14.2m,"P1 - exposed, no cover",stated,unhedged,high,no,not disclosed,none evident,"Turnover £14,233k FY25 (down from £14,845k FY24). Operating loss £606k FY25 vs operating profit £633k FY24. No FX P&L figures disclosed. No hedging instruments held or mentioned as active.","Operating loss of £606k in FY25 vs profit of £633k in FY24. Turnover declined from £14,845k to £14,233k."
Furniture Clinic,05554773,£14.1m,P2 - partly covered,quantified,partial,high,"yes - Staerck Investment Co Limited, England and Wales",USD - sales to USA market 915917 in FY25,Forward contracts held - stated as required to be held at fair value at year end per accounting policy note on foreign exchange exposure. No commitment values disclosed.,"Export sales 3.86m (27% of turnover) across Europe, USA and Rest of World. Company enters forward contract hedging due to significant operating expenses in non-Sterling currencies. FY25 turnover 14.14m, up 33% from 10.67m FY24.","33% turnover growth FY25 to 14.14m; 168% EBITDA increase; strategic acquisitions under consideration alongside organic growth in new brands, product lines and markets."
Sierra CP Engineering Limited,02827565,£14.1m,"P1 - exposed, no cover",quantified,unhedged,high,no,USD - contract orders in the USA; INR - contract orders in India (implied by India reference),none evident,"Turnover £14,098,206 FY25 vs £10,435,347 FY24 (35% growth). Company trades in multiple currencies with contract orders in USA and India; all non-sterling transactions monitored regularly. No hedging instruments disclosed. Currency translation gain of £18,578 recognised in FY25 (vs £3,274 loss FY24).","Turnover grew 35% to £14.1m in FY25 from £10.4m in FY24. Strategic report anticipates geographical expansion into North America and new customer sectors (aerospace, marine, education) in 2026."
Armit Wines,01609571,£14.1m,"P1 - exposed, no cover",quantified,unhedged,high,yes - Cordier UK Limited (UK holding company); ultimate parent Union Invivo SAS (France),EUR - forward foreign exchange contracts for euro acquisition; GBP - functional currency,"FY25: none held. FY24: five forward foreign exchange contracts to acquire maximum €988,058 at future maximum cost £852,364. Policy permits hedging: 'company enters into foreign exchange forward contracts based on the company's current exposure through Invivo Group'.","Turnover £14,086,241 FY25 (down from £17,787,728 FY24). No forward foreign exchange contracts held at 30 June 2025 (five contracts held FY24 for €988,058). Export 11.5% of turnover (£2.2m of £14.1m). Fully financed by group loans; parent Cordier UK Limited has provided letter of support.","Turnover declined 20.8% year-on-year (£17.8m to £14.1m) attributed to market-wide pressures and strategic channel management adjustments. Profit down 45.3% (£792k to £433k). Company cites geopolitical uncertainty (Europe/Middle East conflicts, potential US trade tariffs) as indirect risks to consumer confidence and pricing."
USB International,04036237,£13.7m,"P1 - exposed, no cover",quantified,unhedged,medium,no,not disclosed,none evident,Turnover 13697276 FY25 vs 15561818 FY24 (down 11.98%). Operating profit 222795 FY25 vs 1070916 FY24 (down 79%). No hedging instruments disclosed. Strategic report identifies exchange rate risk as a principal risk but no FX gains/losses stated in accounts. Importer with no evident hedging despite acknowledged FX exposure.,Turnover fell 11.98% year-on-year from £15.56m to £13.70m. Operating profit collapsed 79% from £1.07m to £0.22m with gross margin compression (37.18% to 36.70%).
Colchester Machine Tool Solutions,00144979,£13.4m,"P1 - exposed, no cover",stated,unhedged,high,"yes - Incompass LLC, United States",not disclosed,none evident,"Turnover 13,431,888 FY25 vs 12,859,706 FY24. Operating profit 1,570,932 FY25 vs 534,948 FY24. No exchange gains or losses disclosed. No hedging instruments evident in accounts. Distribution costs reduced from 2,063,321 to 1,505,396 year-on-year.","Operating profit increased significantly from £534,948 (FY24) to £1,570,932 (FY25). Company continues focus on organic growth and international distributor expansion in 2026."
Urathon Europe Ltd,02766713,£13.4m,"P1 - exposed, no cover",quantified,unhedged,medium,no,GBP - presentation currency; USD - stock purchases; CNY/RMB - stock purchases from China,none evident,"Turnover FY24 £13.4m, up £1.4m from FY23. Strategic report states exchange rate changes and USD/RMB stock purchases have adverse effect on net profit margins. No hedging instruments disclosed. Company states favourable exchange rates in 2024 contributed to increased profitability.","Turnover increased £1.4m in 2024 to approximately £13.4m. Successful entry into retail market in 2024 generating ~£400k, with expansion plans via exhibitions and additional sales personnel."
BCB International Ltd,01442485,£13.4m,"P1 - exposed, no cover",quantified,unhedged,high,"yes - PW Defence Ltd (Wescom Group), Derby UK, acquired 100% January 2025 post-balance-sheet",not disclosed,none evident,Turnover £13.4m FY24 (down from £14.7m FY23). Exports only 22% of revenue; strategic report flags disappointing export growth and BREXIT hampering EU trading. FOREX costs stated as 'up' in risk section but no exchange gain/loss figure disclosed. No hedging instruments held. Acquired by PW Defence Ltd (Wescom Group) January 2025.,"Acquisition by PW Defence Ltd (Wescom Group) completed January 2025, post year-end. Founder Andrew Howell family exit; freehold property sold separately to Howell-controlled entity pre-sale."
Harrisons Engineering (Lancashire) Ltd,02974428,£13.3m,"P1 - exposed, no cover",stated,unhedged,medium,"yes - Harrisons North West Ltd, United Kingdom",USD - present in XBRL taxonomy; EUR - present in XBRL taxonomy,none evident,"Turnover £13,302,180 FY25 (down 14.95% from £15,640,239 FY24). No FX gains/losses disclosed in P&L. No hedging instruments evident. Consolidated into Harrisons North West Ltd (UK parent). No external borrowings.","Turnover decreased 14.95% from £15.6m to £13.3m in FY25 due to economic uncertainty, inflationary pressures and cautious customer spending. Company reports maintaining 43.7% gross margin despite lower turnover."
Clarks Vehicle Conversions,03704803,£13.1m,"P1 - exposed, no cover",stated,unhedged,high,no,not disclosed,none evident,"Turnover £13,063,787 FY24 vs £9,278,196 FY23 (41% growth). No FX gains/losses disclosed in P&L or notes. No hedging instruments mentioned. No currency exposure or foreign transaction detail provided.","Turnover growth 41% YoY (£9.3m to £13.1m FY24). Two new directors appointed 19 April 2024 (D J Chilvers, L S Atkins)."
Milton Keynes Pressings Group,02428322,£13.0m,"P1 - exposed, no cover",stated,unhedged,high,no,not disclosed,none evident,"Turnover £13,040,942 FY24 vs £17,972,806 FY23 (25% decline). No exchange gains or losses disclosed. No hedging instruments disclosed. Strategic report mentions invoice discounting facility and access to holding company funds for working capital.","Turnover fell 25% year-on-year to £13.0m (FY23: £17.9m) due to weakness in automotive (EV transition, China export decline), off-highway (homebuilding slowdown) and office furniture sectors. Headcount reduced 17% through non-replacement and redundancies."
Rowlinson Packaging Ltd,01176301,£12.7m,"P1 - exposed, no cover",stated,unhedged,high,no,not disclosed,none evident,Company policy permits hedging of FX exposures but no hedging instruments are disclosed as held. Debtors increased from £7.9m to £8.9m year-on-year (12% growth) while turnover declined 2%. Cash position improved from £0 to £319k.,none found
ODC Door and Glass Systems,06732865,£12.6m,"P1 - exposed, no cover",stated,unhedged,high,no,not disclosed,none evident,Company states 'does not have any complex financial instruments or hedging products'. All turnover of £12.6m arose within the United Kingdom. Profit before taxation £1.2m for year ended 31 December 2025.,none found
SafeGuard Glazing Supplies Ltd,03103057,£12.4m,"P1 - exposed, no cover",stated,unhedged,high,no,not disclosed,none evident,"Turnover fell 12.7% year-on-year from £14.24m to £12.44m. Operating loss FY24 £191,247 against profit FY23 £418,676. No exchange gains or losses disclosed in P&L or notes. No FX hedging instruments or currency exposure identified.","Operating loss of £191,247 in FY24 vs profit of £418,676 in FY23. Installation division reported loss of £225,372 (FY24) vs loss of £136,039 (FY23) due to delayed larger contracts."
Accura Engineering,01442283,£12.0m,"P1 - exposed, no cover",quantified,unhedged,high,no,not disclosed,none evident,"Exchange losses £58,690 FY25 and £70,204 FY24. No hedging instruments held. Turnover £12.0m (FY25) and £11.1m (FY24) with no geographic export/home split disclosed.",Significant capital investment in machining capacity and Keyence inspection equipment during FY2025. Cyber Essentials Plus certification achieved enabling trade with high-reliability industries.
Unitas Wholesale,11454164,£12.0m,"P1 - exposed, no cover",stated,unhedged,medium,no,GBP - presentation currency; USD - listed in schema; EUR - listed in schema,none evident,"Turnover £12.0m for FY25 (flat vs FY24 £12.5m equivalent basis). No exchange gains or losses disclosed. Operating loss £0.2m offset by interest income £0.4m, resulting in profit before tax £0.2m. No hedging instruments or FX derivatives held. Company acted as disclosed agent for £148.6m of transactions but recognises no turnover on these.","Company pursuing targeted investments in own brand development, central services, and supply chain optimisation. Strategic restructuring of central operations completed with full-year impact realised."
Packaging Automation Ltd,00761199,£11.8m,"P1 - exposed, no cover",quantified,unhedged,high,no,not disclosed,none evident,"Overseas sales 2,894,588 representing 24% of 11,846,588 turnover. No hedging instruments held and no FX P&L disclosed despite foreign currency transactions. Strategic report states company does not actively use financial instruments as part of financial risk management.",Renegotiation of £1.5m bank loan facility in FY25 with new rate of 2% over base. Repayment of £500k CBILS loan in full during year. Launch of new Rev machinery range and strategic expansion of aftermarket team.
Centurion Europe Ltd,01829619,£11.8m,"P1 - exposed, no cover",quantified,unhedged,high,no - immediate parent Centurion Europe Holdings Limited is England & Wales incorporated,not disclosed,none evident,"Foreign exchange gains £11,346 FY24 and £5,592 FY23. Export represents only 6.1% of turnover (£717.6k of £11.76m). No hedging instruments disclosed. Company has £3.88m bank borrowings secured against freehold property and assets.",Turnover growth to £11.76m (2023: £11.46m). Gross profit margin improved to 51% (2023: 47%). Net assets increased to £3.67m.
Castings Technology,12973823,£11.7m,"P1 - exposed, no cover",stated,unhedged,high,no,not disclosed,none evident,"Turnover 11,656,966 FY25 vs 10,066,689 FY24 (15.8% growth). Foreign currency risk identified in directors' report as principal exposure from trading with overseas companies, but no exchange gains/losses quantified in accounts. No hedging instruments disclosed as held or used.","Strategic £17m capital investment programme for new foundry facility and plant acquisition on Shepcote Lane, Sheffield, targeting aerospace and defence sectors. Zachary Asset Holdings Ltd became shareholder during 2025 fundraising."
Fluid Transfer International,03658293,£11.5m,"P1 - exposed, no cover",stated,unhedged,high,no,GBP - functional and presentation currency; sterling - stated as principal trading currency,none evident,"Turnover £11.5m FY24 vs £13.9m FY23, decline of 17%. Company states FX risk is small as it mainly trades in sterling. No exchange gains/losses disclosed in accounts. No hedging instruments held.",Annual sales declined 17% year-on-year from £13.9m (2023) to £11.5m (2024). Dividend declaration of £1m during 2024 against background of reduced profitability.
Something Different Wholesale Ltd,05279035,£11.4m,"P1 - exposed, no cover",stated,unhedged,medium,no,GBP - functional currency; USD - referenced in tariff risk context; EUR - referenced in XBRL taxonomy but no transactional evidence,none evident,Turnover £11.4m (2023: £10.9m). No exchange gains or losses disclosed. No hedging instruments or FX derivative positions stated. No geographic split of exports vs home sales provided.,Turnover increased to £11.4m in 2024 (third consecutive year of growth). Directors flag US tariff changes as potential supply chain risk.
EPE International Limited,04897647,£11.3m,"P1 - exposed, no cover",quantified,unhedged,high,no,not disclosed,none evident,"Exchange gains £31,863 FY25 and £11,223 FY24. No hedging instruments held or referenced. Invoice discounting charges £11,852 FY25 (cash tight signal confirmed). Exceptional costs £215k in FY25 related to strategic restructuring; loss before tax £99,022 FY25 vs profit £110,559 FY24.",Strategic business model transformation underway: exit from lower-margin distribution inventory (£120k exceptional cost) and restructuring of supplier relationships (£95k exceptional cost) to focus on owned brands Hamilton Beach and Rediffusion. Company repositioning from distribution-led to brand ownership platform during FY25.
Kedem Europe Ltd,02803383,£10.9m,"P1 - exposed, no cover",quantified,unhedged,medium,no,GBP - functional currency; USD - referenced in data schema; EUR - referenced in data schema,none evident,"Foreign exchange gain £27,764 FY24 (loss £46,735 FY23). No hedging instruments held. 100% of turnover received in United Kingdom; no export revenue disclosed. Turnover £10,942,823 FY24 (down from £11,386,041 FY23).",Revenue decline 3.9% FY24 to £10.9m attributed to Jewish calendar timing of seasonal sales (Jewish New Year shift from mid-September to October). Management states revenue and net profit expected to improve following year when bulk seasonal sales fully recognised.
The Heritage Fine Food Company Ltd,03878960,£10.6m,"P1 - exposed, no cover",stated,unhedged,high,no,not disclosed,none evident,Currency fluctuations identified as explicit risk to imported products profitability in strategic report. Turnover £10.57m (FY24) down from £10.87m (FY23). No hedging instruments or FX P&L figures disclosed in accounts. Imported products exposure acknowledged but unquantified.,Significant director retirement and management restructuring in 2024. Third and final year of MBO with turnover decline of 2.8% YoY to £10.57m and profit after tax down 31.4% to £255k.
Altek Europe,06264798,£10.5m,"P1 - exposed, no cover",quantified,unhedged,high,"yes - Enviri Corporation, United States of America",not disclosed,none evident,"Foreign exchange gain £35,745 FY24 versus loss £65,320 FY23. Policy permits but does not demand hedging of FX exposures via forward contracts; no evidence of hedging instruments held. Turnover £10,469,259 FY24 (down from £14,121,234 FY23). Wholly owned subsidiary of US-domiciled Enviri Corporation.","Acquired licence for new green technology for recycling aluminum residues from primary aluminum smelters during FY24, opening new markets in Primary Sector. Turnover declined 26% from £14.1m (FY23) to £10.5m (FY24)."
TRP POLYMER SOLUTIONS LIMITED,04429069,£10.4m,"P1 - exposed, no cover",stated,unhedged,medium,no,GBP - reporting currency; USD - named in XML schema; EUR - named in XML schema,none evident,"Turnover £10,426,212 FY25 vs £10,786,905 FY24. No exchange gains or losses disclosed. No hedging instruments evident. No foreign currency transaction or translation impacts stated.","Turnover declined from £10,786,905 (FY24) to £10,426,212 (FY25). Directors cite global tariff uncertainty as ongoing risk affecting demand; company mitigates through worldwide sales and diverse industry customer base."
CCPI Europe,05726866,£10.1m,"P1 - exposed, no cover",stated,unhedged,high,"yes - Berkshire Hathaway Inc., United States",GBP - functional and presentational currency,none evident,"Turnover £10,110,155 FY25 (up from £9,620,711 FY24). No FX gains or losses disclosed in accounts. No hedging instruments held or referenced. Wholly owned subsidiary of Berkshire Hathaway Inc.","Capital contribution of £774,153 from parent company waiver during year. Profit after tax increased to £2,417,592 (2024: £1,795,883); no dividend paid in 2025 versus £5,927,178 in 2024."
European Friction Industries Limited,02002865,£9.9m,"P1 - exposed, no cover",stated,unhedged,high,"yes - EBC Holdings Limited, England and Wales","GBP - functional and presentational currency. USD, EUR implied by statement 'sales almost equally balanced across three main trading currencies' but not explicitly named.",none evident - policy states 'the Company has chosen not to take out any forward transactions at the present time' due to balanced nature of three main trading currencies,"Turnover £9,924,191 FY24 (6.2% growth). No forward currency contracts held despite exposure to three main trading currencies. Company states 'sales almost equally balanced across three main trading currencies' but no FX gains or losses disclosed in accounts. No borrowings; financed through retained profits and working capital.",Turnover increased 6.2% to £9.92m (FY24 vs FY23). Gross profit margin improved 3.5 percentage points to 61.5%. In-house manufacture accounts for over 80% of products sold.
Hacel Lighting,01585274,£9.7m,"P1 - exposed, no cover",quantified,unhedged,high,no,EUR - European sales contracted in Euros,none evident,Approximately 20% of purchases made in foreign currencies (~1.94m estimated). European sales only 2% of turnover (194k). No hedging instruments held; company relies on currency bank accounts and natural hedge from EUR-denominated European sales to mitigate risk. Strategic report states currency fluctuations not considered material to business.,"Turnover grew 3.8% to £9.70m in 2025. Major new product launches in second half 2025 expected to drive growth towards £10m+ in 2026, strongest Q1 order book in five years."
SJG International Ltd,00974659,£9.0m,"P1 - exposed, no cover",stated,unhedged,high,no,not disclosed,none evident,"Turnover 9,008,671 FY25 vs 8,072,133 FY24. No foreign exchange gains or losses disclosed. No hedging instruments identified in accounts. Strategic report notes American tariffs affecting certain customers but no quantified FX exposure or hedging activity stated.","Kopak acquisition completed June 2024 now integrated; investment of £500,000+ in extrusion line renewal during year; recruitment of Sales Executive from competitor to grow rubber extrusion business."
Mollart Cox Engineering Ltd,03072135,£9.0m,"P1 - exposed, no cover",stated,unhedged,medium,no,not disclosed,none evident,Turnover £9m (FY25) up 13% from £8m (FY24). Operating profit £1.432m (FY25) vs £0.677m (FY24). Entire share capital acquired by Employee Ownership Trust 31 July 2024. No exchange gains or losses disclosed. No hedging instruments disclosed. All turnover attributable to UK activity.,Company acquired by Employee Ownership Trust on 31 July 2024 for £10m consideration. Sales increased 13% year-on-year to £9m with entry into new markets; gross profit improved to £3.3m reflecting higher margins.
International Tin Association Ltd,02994115,£9.0m,"P1 - exposed, no cover",stated,unhedged,high,no,not disclosed,none evident,"Turnover 8,982,040 in FY25 versus 9,309,845 in FY24. No exchange gains or losses disclosed in accounts. No hedging instruments evidenced. FX transaction signal detected but no currency exposures, positions or movements quantified anywhere in financial statements.",ITSCI Programme transitioned to independent organisation in May 2026; company no longer responsible for programme administration. Pension scheme deficit management ongoing with Trustees.
Related Fluid Power Ltd,01157634,£8.8m,"P1 - exposed, no cover",stated,unhedged,high,no,not disclosed,none evident,"Company imports raw materials and components from global suppliers and sells worldwide. Strategic report explicitly identifies exchange rate risk from foreign currency fluctuations. No hedging instruments disclosed in financial statements. Turnover FY25 8,810,649 vs FY24 9,116,945. No exchange gain/loss figures disclosed.",ERP system upgrade and new robot-loaded machine centre commissioned in 2025. Sales increased sharply in 2026 causing capacity challenges. Directors note recent world problems likely to cause price rises.
Brafe Engineering Limited,00890080,£8.8m,"P1 - exposed, no cover",quantified,unhedged,high,no,not disclosed,none evident,Global manufacturer with stated exposure to volatile exchange rates and import tariffs as principal risk (strategic report). No hedging instruments held or disclosed. FY24 turnover £8.8m down from £10.5m FY23; order intake £10.2m showing recovery.,Order intake recovered to £10.2m FY24 (vs £7.5m FY23); revenue decline to £8.8m reflects delayed conversion but FY25 expected higher. Diversification into nuclear and alternative energy sectors underway.
Big Bear Plastic Products Ltd,03611491,£8.8m,"P1 - exposed, no cover",stated,unhedged,high,no,not disclosed,none evident,Turnover 8755496 in FY24 vs 11843510 in FY23 (26% decline). Strategic report states minimal currency risk exposure and natural hedge against existing currency transactions. No FX P&L figures or hedging instruments disclosed in accounts.,Turnover fell 25% to £8.75m in 2024 from £11.84m in 2023 due to reduced customer orders. Company preparing for ERP implementation in 2025 and investing in efficiency improvements to support recovery.
Brooksbank Valves Ltd,01004518,£8.5m,"P1 - exposed, no cover",quantified,unhedged,medium,"yes - Aluminium Bronze Valves Limited, England and Wales",USD - metal prices set in US dollars; GBP - sterling currency impact on imported products,none evident,Export represents 35.8% of £8.5m turnover (£3.0m to Europe and Asia combined). Sterling weakness explicitly identified as reducing margins on imported products; all metal prices set in USD. No exchange gain/loss figures disclosed and no hedging instruments evident in accounts.,"Turnover increased 21.4% to £8.5m (FY25 vs FY24 £7.0m). Operating profit up 53.1% to £671,715. Directors flagging sterling weakness impact on imported products and metal pricing; considering offshoring resources due to skilled labour shortage."
Harry Dalby Engineering Limited,01929615,£7.8m,"P1 - exposed, no cover",stated,unhedged,high,no,not disclosed,none evident,"Turnover £7.8m (FY25) down from £9.0m (FY24). Operating loss £524,561 (FY25) and £558,731 (FY24). All turnover is UK-based; no export revenue disclosed. No exchange gains/losses or hedging instruments mentioned in accounts.",Sales declined 14% from £9.0m to £7.8m year-on-year. Directors note strong order book despite challenging market environment.
Ballyclare International,07463998,£7.5m,"P1 - exposed, no cover",quantified,unhedged,medium,"yes - Mountain Berg Holdings Limited, UK",GBP - presentation currency; USD - transaction currency; EUR - transaction currency,none evident,"FY24 exchange gain £18,982 vs FY23 loss £34,421. Company states it 'aims to hedge currency exposure by equalising purchases and sales' but no hedging instruments held. Turnover steady at £7.5m; transactions in GBP, EUR, USD.","Strategic exit from loss-making contract completed; major new contract awarded scheduled for late 2025 rollout; turnaround from £1.1m loss (2023) to £37,847 profit (2024)."
Morris Engineering Ltd,03725924,£6.2m,"P1 - exposed, no cover",stated,unhedged,high,"yes - Morris Engineering New Holdco Limited, United Kingdom",not disclosed,none evident,"Turnover £6,228,394 FY25 vs £5,248,871 FY24 (18.6% growth). No FX P&L figures disclosed despite signal indicating foreign currency transactions. No hedging instruments held. Consolidated under Morris Engineering New Holdco Limited.","Turnover increased 18.6% to £6.23m (FY24: £5.25m). Profit after tax more than trebled to £377,950 (FY24: £117,680)."
Garford Farm Machinery Ltd,06991936,£4.5m,"P1 - exposed, no cover",stated,unhedged,high,"yes - Zurn Harvesting GmbH & Co. KG, Germany",not disclosed,none evident,"Turnover fell 43% year-on-year from £7.98m to £4.54m. Loss before tax of £696,563 in 2024 vs loss of £70,933 in 2023. No FX gains/losses disclosed in accounts. No hedging instruments held. Ultimate parent Zurn Harvesting GmbH & Co. KG has confirmed willingness to provide support if required.","Significant revenue decline from £7,982,884 (2023) to £4,537,881 (2024). Two restructures implemented in 2024-2025 to match cost base to soft market conditions. Technology licensing agreement secured in 2024 for participation in new weeding markets."
Precision Products (UK) Ltd,02928395,£4.2m,"P1 - exposed, no cover",quantified,unhedged,high,"yes - Indutrade AB, Sweden",EUR - transactional and translational exposure; USD - transactional and translational exposure,Foreign exchange forward contracts permitted for use to reduce exposure when needed; none evident as held in FY24,Revenue £4.193m FY24 vs £6.445m FY23. Operating loss 2.003m FY24 vs 2.352m FY23. Company exposed to EUR and USD transactional and translational risks. Natural hedging policy in place with forward contracts available but no evidence of active hedging program disclosed. Parent company Indutrade AB (Nasdaq Stockholm Large Cap) has provided undertaking of continued financial support.,Revenue collapsed from £6.445m (FY23) to £4.193m (FY24). Operating loss 47% of turnover. Directors progressing return to profitability target for FY25. Group cash pooling and parent financial support secured.
Advanced Electric Machines,10480941,£2.8m,"P1 - exposed, no cover",quantified,unhedged,medium,no,GBP - functional currency; USD - disclosed in XBRL taxonomy; EUR - disclosed in XBRL taxonomy,none evident,"Exchange losses FY25 £7,371 and FY24 £19,604. No hedging instruments held. Total income £2.77m (FY24: £3.11m). Loss before tax £4.43m (FY24: £8.34m). USD and EUR named in taxonomy but no geographic split disclosed.",HDRM150 motor completed validation and PPAP with initial production deliveries commencing Q4 2025 to European Tier 1 supplier. Post year-end Series B equity funding of £10.9m (including £3m convertible loan notes) and £5m government-backed debt secured.
Vehicle Weighing Solutions Ltd,05677827,£2.1m,"P1 - exposed, no cover",stated,unhedged,medium,no,not disclosed,none evident,"Turnover £2,109,266 FY25. No FX P&L figures disclosed. No hedging instruments held. All turnover wholly undertaken in United Kingdom.","Shareholders funds increased to £3,948,980 (2024: £2,589,714). Profit before tax £2,807,992 (2024: £2,344,939)."
DDC Foods Ltd,03662079,£0.0m,"P1 - exposed, no cover",stated,unhedged,medium,no,GBP - functional currency; EUR - listed in accounts metadata; USD - listed in accounts metadata,none evident,Currencies EUR and USD are referenced in the accounts structure but no transaction values or exposures are stated. No hedging instruments or FX gains/losses are disclosed. Strategic report confirms principal activity is wholesale distribution with no mention of international operations or FX activity.,none found
Currock Engineering Company Limited,00828340,£0.0m,"P1 - exposed, no cover",stated,unhedged,medium,"no - UK subsidiary of MBDA UK Ltd (UK parent, acquired 5 September 2024)","GBP, USD, EUR - named in XBRL taxonomy metadata only; no operational context provided",none evident,"Post-tax loss £4,378,349 for period 1 Nov 2023 - 31 Dec 2024. Company experienced liquidity problems throughout 2023-2024 and was acquired by MBDA UK Ltd on 5 September 2024. No FX hedging instruments disclosed. No exchange gains or losses stated.",Acquisition by MBDA UK Ltd on 5 September 2024 following liquidity crisis. Strong order book of £30m received in 2025 for defence sector; 12 new machines funded post-acquisition.
Zenith Print & Packaging Ltd,01453367,£0.0m,"P1 - exposed, no cover",stated,unhedged,high,"yes - Keel Leasing Limited, UK",GBP - functional and presentational currency,none evident,"Foreign currency transactions stated as policy but no exchange gains/losses disclosed in P&L. No hedging instruments held. RBS Invoice Finance facility of £2,742,287 (2024: £2,599,980) secured by debenture indicates working capital constraint.",none found
Countrywide Freight Group,02981492,£0.0m,"P1 - exposed, no cover",quantified,unhedged,high,no,GBP - functional currency; USD - named in schema; EUR - named in schema; specific transaction contexts not disclosed,none evident,"Foreign exchange gain £185 FY25 vs loss £5,030 FY24. Group explicitly states 'limited exposure to fluctuations in foreign currency exchange rates' and 'use of derivative instruments for managing foreign exchange risk is not required'. No hedging instruments held. Operations confined to UK and Europe.",Strategic focus on enhancing operational systems and customer-facing technologies; planned implementation of new streamlined operational system to optimise workflows and service delivery.
Baker Bellfield,02827315,£0.0m,"P1 - exposed, no cover",quantified,unhedged,medium,yes - parent company (country not disclosed),GBP - functional currency; USD - United States operations; EUR - Europe market,none evident,"Foreign exchange gain of 23,255 in FY25. Company ceased invoice discounting facility at end of 2024; now relies on shareholder advances for short-term funding. Extended shipping periods for Europe and North America products impacted profitability on long-term contracts lacking price escalation clauses.",Addition of US manufacturing site broadens customer portfolio to US railroad market. Forward order book secured through 2029.
Morley Glass & Glazing Ltd,03530180,£0.0m,"P1 - exposed, no cover",stated,unhedged,medium,no,GBP - functional currency; USD - referenced in taxonomy metadata; EUR - referenced in taxonomy metadata,none evident,Directors explicitly state facing uncertainties around Foreign Exchange requirements as sterling continues to face pressure. No exchange gain/loss figures disclosed. No hedging instruments evident in financial statements.,Directors report facing continued uncertainties around Foreign Exchange requirements as sterling faces pressure on world markets. Stagnant growth across sectors but minimal turnover reduction achieved with cost-cutting improvements to gross profit.
SANDON GLOBAL ENGRAVING TECHNOLOGY LIMITED,05079322,£0.0m,"P1 - exposed, no cover",stated,unhedged,high,no,not disclosed,none evident,"Accounts are unaudited and abridged with no P&L statement disclosed. No exchange gains/losses, currency exposures, or hedging activity evident in filed document.",none found
Goodman Metal Works Limited,01900509,£0.0m,"P1 - exposed, no cover",stated,unhedged,medium,no,GBP - presentation currency; USD - named in filing metadata; EUR - named in filing metadata,none evident,Invoice discounting facility secured on debtor book is primary working capital mechanism. No hedging instruments disclosed. No exchange gains or losses quantified in accounts. Parent company is UK-based Goodman (Holdings) Limited.,Invoice discounting facility in active use to manage cash flow. Solar panels and energy-efficient upgrades recently installed; pursuing ISO 14001 accreditation.
Don Valley Engineering Co Ltd,00439915,£0.0m,"P1 - exposed, no cover",quantified,unhedged,medium,no,USD - not stated in context; EUR - not stated in context; GBP - functional currency,none evident,"Foreign exchange differences credited 7,811 FY25 and 644 FY24. No hedging instruments disclosed. Medium-sized company regime applied; full P&L not disclosed in extract.","Customer project delays and cancellations reported. Directors note concerns about November 2025 budget, Ukraine/Russia war, and flat global growth affecting investment decisions."
POWER TOWERS LIMITED,06143386,£0.0m,"P1 - exposed, no cover",quantified,unhedged,medium,"yes - Oshkosh Corporation, USA",USD - parent company Oshkosh Corporation incorporated in USA; EUR - not explicitly named but euro reference in FRS 102 context; GBP - functional currency,none evident,"Foreign exchange gains FY24 33,388 and FY23 23,988. No hedging instruments identified in accounts. Immediate parent JLG EMEA B.V. (Netherlands); ultimate parent Oshkosh Corporation (USA). Company does not have long-term borrowings; any borrowings are intercompany.",Strong backlog exiting 2024 providing confidence in 2025. Expanded supplier base and enhanced supply chain stability. Continued focus on product innovation and manufacturing capacity expansion.
Roberts Metal Packaging,00043694,£0.0m,"P1 - exposed, no cover",quantified,unhedged,medium,no,"GBP - presentation currency; EUR - sales and purchases approximately equate, low exposure; USD - company trades in this currency",none evident,"Company trades in EUR and USD with transaction FX exposure; sales and purchases to/from Eurozone approximately equate so Euro exposure stated as low. No hedging instruments held. 54% of turnover from export markets (FY25). Post-tax loss £89,337 (FY25). Invoice Discounting Facility available but currently unutilized.",Turnover decreased by £1.4m due to deteriorating UK and overseas market conditions. Raw material inventory reduced by £420k with further reductions post-balance sheet. Trading expected to remain slow for 2025/26.
Advance Tapes International Ltd,00929843,£0.0m,P2 - partly covered,stated,partial,high,no,"EUR - main trading currency for group, naturally hedged where possible; USD - listed in XBRL taxonomy; GBP - functional currency",Forward exchange deals held and used. Strategic report states: 'The Group uses forward exchange deals to minimise currency risk' and 'wherever possible this is naturally hedged'. Policy approach is 'to achieve stability rather than to speculate'. No commitment values disclosed.,Group uses forward exchange deals to manage FX risk with stated policy to achieve stability not speculation. EUR is main trading currency with natural hedging applied where possible. FY24 impacted by faulty raw material requiring product recall and financial compensation from supplier.,"Major quality problem in FY24 requiring substantial finished product recall and supplier compensation, reducing turnover. Supply chain challenges also noted."
Advanced Alloy Services Ltd,02795535,£0.0m,"P1 - exposed, no cover",quantified,unhedged,high,"yes - Advanced Alloys Group Limited, UK",USD - transactions context implied by geopolitical reference to US administration tariffs; EUR - not explicitly named but present in xbrli schema; GBP - functional and presentation currency,none evident,"Foreign exchange gain of £13,428 in FY25 and £50,449 in FY24. No hedging instruments held. Company uses invoice discounting, inventory financing and trade creditor finance. Profit before tax £594,126 FY25 vs loss £100,623 FY24.",Physical volumes reached record levels in 2025 despite revenue drop. Expansion of international footprint through joint venture in Thailand and sister company Advanced Revert LLC in US. Strategic recruitment and internal promotion to support future growth.
MAJOR FOODS LIMITED,08603818,£0.0m,"P1 - exposed, no cover",stated,unhedged,high,no,GBP - functional currency; EUR - named in XBRL tags; USD - named in XBRL tags,none evident,"The accounts provided are unaudited with accountant's report only (audit exemption claimed). The profit and loss account, balance sheet, and notes are referenced but the actual figures are not displayed in the extracted text. No turnover, exchange gain/loss, or hedging activity is stated.",none found
Marston Foods,07207619,£0.0m,"P1 - exposed, no cover",stated,unhedged,high,no,not disclosed,none evident,No exchange gains/losses disclosed. No hedging instruments held or mentioned. No foreign currencies named in accounts. Domestic UK food manufacturing business with no evident FX exposure commentary.,"Sales growth 19% YoY; new MRP system deployed December 2025 to improve efficiency and margins; external loan debt reduced by £227,614 during year."
